id,full_name,SEASON_ID,LEAGUE_ID,TEAM_ID,TEAM_ABBREVIATION,PLAYER_AGE,GP,GS,MIN,FGM,FGA,FG_PCT,FG3M,FG3A,FG3_PCT,FTM,FTA,FT_PCT,OREB,DREB,REB,AST,STL,BLK,TOV,PF,PTS,Position,Height (in),Wing Span (in)
203500,Steven Adams,2024-25,00,1610612745,HOU,31.0,58,3,794,91,167,0.545,0,2,0.0,43,93,0.462,166,161,327,66,22,28,54,60,225,C,83,88
1628389,Bam Adebayo,2024-25,00,1610612748,MIA,27.0,78,78,2674,540,1113,0.485,79,221,0.357,251,328,0.765,185,564,749,337,98,53,161,162,1410,C,81,87
1630534,Ochai Agbaji,2024-25,00,1610612761,TOR,25.0,64,45,1739,266,534,0.498,101,253,0.399,34,48,0.708,61,181,242,98,58,30,54,125,667,SG,77,82
1630583,Santi Aldama,2024-25,00,1610612763,MEM,24.0,65,16,1660,313,648,0.483,120,326,0.368,65,94,0.691,94,322,416,188,52,29,71,76,811,PF,82,83
1628960,Grayson Allen,2024-25,00,1610612756,PHX,29.0,64,7,1544,219,489,0.448,149,350,0.426,93,114,0.816,34,160,194,137,54,19,75,95,680,SG,75,79
1628386,Jarrett Allen,2024-25,00,1610612739,CLE,27.0,82,82,2296,452,640,0.706,0,5,0.0,199,277,0.718,216,582,798,158,77,73,97,127,1103,C,81,89
1630631,Jose Alvarado,2024-25,00,1610612740,NOP,27.0,56,23,1366,204,521,0.392,111,309,0.359,60,74,0.811,27,109,136,259,74,14,86,91,579,PG,71,73
203937,Kyle Anderson,2024-25,00,1610612744,GSW,31.0,36,3,541,76,169,0.45,19,52,0.365,18,27,0.667,27,83,110,81,26,20,20,40,189,PF,79,86
203937,Kyle Anderson,2024-25,00,1610612748,MIA,31.0,25,1,461,66,134,0.493,6,18,0.333,30,38,0.789,26,70,96,64,14,13,17,41,168,PF,79,86
203937,Kyle Anderson,2024-25,00,0,TOT,31.0,61,4,1002,142,303,0.469,25,70,0.357,48,65,0.738,53,153,206,145,40,33,37,81,357,PF,79,86
203507,Giannis Antetokounmpo,2024-25,00,1610612749,MIL,30.0,67,67,2289,793,1319,0.601,14,63,0.222,436,707,0.617,147,651,798,433,58,78,206,155,2036,PF,83,87
1630175,Cole Anthony,2024-25,00,1610612753,ORL,25.0,67,22,1234,230,543,0.424,77,218,0.353,93,113,0.823,46,158,204,191,45,32,103,151,630,PG,74,77
1628384,OG Anunoby,2024-25,00,1610612752,NYK,27.0,74,74,2706,489,1027,0.476,171,460,0.372,183,226,0.81,97,261,358,164,110,65,102,172,1332,SF,78,86
1630166,Deni Avdija,2024-25,00,1610612757,POR,24.0,72,54,2161,402,844,0.476,125,342,0.365,290,372,0.78,110,412,522,281,71,35,196,171,1219,SF,81,81
1629028,Deandre Ayton,2024-25,00,1610612757,POR,26.0,40,40,1206,265,468,0.566,6,32,0.188,40,60,0.667,124,282,406,64,31,39,69,88,576,C,83,90
1628963,Marvin Bagley III,2024-25,00,1610612764,WAS,26.0,19,1,167,38,71,0.535,2,10,0.2,15,23,0.652,27,29,56,7,7,5,11,12,93,PF,82,84
1628963,Marvin Bagley III,2024-25,00,1610612763,MEM,26.0,12,1,99,17,35,0.486,1,9,0.111,8,12,0.667,11,17,28,4,2,3,1,6,43,PF,82,84
1628963,Marvin Bagley III,2024-25,00,0,TOT,26.0,31,2,265,55,106,0.519,3,19,0.158,23,35,0.657,38,46,84,11,9,8,12,18,136,PF,82,84
1631116,Patrick Baldwin Jr.,2024-25,00,1610612764,WAS,22.0,22,0,101,17,33,0.515,11,21,0.524,2,4,0.5,5,17,22,2,3,2,5,5,47,PF,81,86
1631116,Patrick Baldwin Jr.,2024-25,00,1610612746,LAC,22.0,2,0,6,2,2,1.0,2,2,1.0,0,0,0.0,0,3,3,1,0,0,0,2,6,PF,81,86
1631116,Patrick Baldwin Jr.,2024-25,00,0,TOT,22.0,24,0,107,19,35,0.543,13,23,0.565,2,4,0.5,5,20,25,3,3,2,5,7,53,PF,81,86
1630163,LaMelo Ball,2024-25,00,1610612766,CHA,23.0,47,47,1505,406,1003,0.405,179,528,0.339,193,229,0.843,47,185,232,346,54,13,167,157,1184,PG,78,80
1628366,Lonzo Ball,2024-25,00,1610612741,CHI,27.0,35,14,777,89,243,0.366,67,195,0.344,22,27,0.815,25,93,118,115,47,17,41,55,267,PG,77,81
1628964,Mo Bamba,2024-25,00,1610612746,LAC,27.0,28,2,352,48,103,0.466,15,50,0.3,17,25,0.68,26,94,120,16,9,28,19,49,128,C,83,94
1628964,Mo Bamba,2024-25,00,1610612740,NOP,27.0,4,0,61,4,9,0.444,0,4,0.0,2,2,1.0,6,19,25,2,0,3,1,7,10,C,83,94
1628964,Mo Bamba,2024-25,00,0,TOT,27.0,32,2,413,52,112,0.464,15,54,0.278,19,27,0.704,32,113,145,18,9,31,20,56,138,C,83,94
1631094,Paolo Banchero,2024-25,00,1610612753,ORL,22.0,46,46,1582,412,911,0.452,87,272,0.32,280,385,0.727,51,294,345,219,36,28,136,97,1191,PF,81,84
1630217,Desmond Bane,2024-25,00,1610612763,MEM,27.0,69,68,2205,493,1018,0.484,164,418,0.392,177,198,0.894,62,356,418,369,80,28,169,164,1327,SG,77,76
1630625,Dalano Banton,2024-25,00,1610612757,POR,25.0,67,7,1120,198,507,0.391,72,222,0.324,91,125,0.728,30,105,135,160,43,34,86,58,559,SG,81,82
1631230,Dominick Barlow,2024-25,00,1610612737,ATL,22.0,35,4,375,60,113,0.531,7,27,0.259,21,33,0.636,35,50,85,19,9,16,5,47,148,PF,81,87
203084,Harrison Barnes,2024-25,00,1610612759,SAS,33.0,82,82,2230,347,683,0.508,156,360,0.433,161,199,0.809,97,213,310,136,39,14,50,75,1011,PF,79,83
1630567,Scottie Barnes,2024-25,00,1610612761,TOR,23.0,65,65,2134,474,1063,0.446,76,280,0.271,228,302,0.755,109,393,502,378,93,63,184,113,1252,SF,79,86
1629628,RJ Barrett,2024-25,00,1610612761,TOR,25.0,58,58,1869,460,982,0.468,107,306,0.35,196,311,0.63,61,305,366,314,46,17,166,137,1223,SF,77,82
1629646,Charles Bassey,2024-25,00,1610612759,SAS,24.0,36,1,376,68,117,0.581,0,0,0.0,21,33,0.636,56,96,152,17,14,30,23,50,157,C,81,87
1641734,Emoni Bates,2024-25,00,1610612739,CLE,21.0,10,0,75,13,38,0.342,11,30,0.367,0,0,0.0,0,7,7,8,1,1,2,4,37,SF,81,82
201587,Nicolas Batum,2024-25,00,1610612746,LAC,36.0,78,8,1367,104,238,0.437,88,203,0.433,17,21,0.81,47,171,218,84,52,36,34,111,313,SF,77,82
203078,Bradley Beal,2024-25,00,1610612756,PHX,32.0,53,38,1702,345,694,0.497,102,264,0.386,110,137,0.803,34,143,177,195,58,28,99,136,902,SG,75,80
1627736,Malik Beasley,2024-25,00,1610612765,DET,28.0,82,18,2283,461,1071,0.43,319,766,0.416,95,140,0.679,47,167,214,139,73,5,83,125,1336,SG,76,81
1630699,MarJon Beauchamp,2024-25,00,1610612749,MIL,24.0,26,0,122,18,47,0.383,7,21,0.333,9,12,0.75,7,25,32,8,3,1,13,10,52,SG,77,84
1630699,MarJon Beauchamp,2024-25,00,1610612746,LAC,24.0,3,0,17,4,7,0.571,2,3,0.667,2,4,0.5,2,1,3,2,0,0,1,2,12,SG,77,84
1630699,MarJon Beauchamp,2024-25,00,1610612752,NYK,24.0,6,0,17,5,11,0.455,1,5,0.2,4,4,1.0,2,7,9,1,1,0,1,2,15,SG,77,84
1630699,MarJon Beauchamp,2024-25,00,0,TOT,24.0,35,0,156,27,65,0.415,10,29,0.345,15,20,0.75,11,33,44,11,4,1,15,14,79,SG,77,84
1629048,Goga Bitadze,2024-25,00,1610612753,ORL,25.0,70,42,1429,207,339,0.611,3,28,0.107,85,133,0.639,167,296,463,137,49,98,72,150,502,C,82,86
1641710,Anthony Black,2024-25,00,1610612753,ORL,21.0,78,10,1887,262,620,0.423,62,195,0.318,150,197,0.761,52,178,230,240,86,48,139,166,736,PG,78,79
203992,Bogdan Bogdanović,2024-25,00,1610612737,ATL,32.0,24,0,598,83,224,0.371,44,146,0.301,30,34,0.882,12,54,66,49,20,6,37,57,240,SG,78,83
203992,Bogdan Bogdanović,2024-25,00,1610612746,LAC,32.0,30,4,750,127,268,0.474,61,143,0.427,28,32,0.875,12,81,93,97,21,5,37,70,343,SG,78,83
203992,Bogdan Bogdanović,2024-25,00,0,TOT,32.0,54,4,1348,210,492,0.427,105,289,0.363,58,66,0.879,24,135,159,146,41,11,74,127,583,SG,78,83
1629626,Bol Bol,2024-25,00,1610612756,PHX,25.0,36,10,448,96,183,0.525,32,93,0.344,20,26,0.769,20,84,104,22,9,25,20,20,244,C,85,91
1641737,Adem Bona,2024-25,00,1610612755,PHI,22.0,58,11,905,135,192,0.703,0,1,0.0,67,100,0.67,92,153,245,27,26,69,61,125,337,C,80,87
1626164,Devin Booker,2024-25,00,1610612756,PHX,28.0,75,75,2795,654,1420,0.461,183,551,0.332,432,483,0.894,76,229,305,529,67,16,220,198,1923,SG,77,80
1630527,Brandon Boston,2024-25,00,1610612740,NOP,23.0,42,10,993,166,381,0.436,49,140,0.35,67,85,0.788,28,106,134,92,53,9,52,73,448,SG,78,82
1628449,Chris Boucher,2024-25,00,1610612761,TOR,32.0,50,0,862,182,370,0.492,70,193,0.363,68,87,0.782,70,154,224,33,24,25,29,68,502,C,80,88
1631103,Malaki Branham,2024-25,00,1610612759,SAS,22.0,47,0,427,87,190,0.458,34,84,0.405,27,33,0.818,7,44,51,38,11,2,34,29,235,SG,76,82
1631128,Christian Braun,2024-25,00,1610612743,DEN,24.0,79,77,2675,476,821,0.58,89,224,0.397,177,214,0.827,98,312,410,205,85,37,81,170,1218,SF,77,78
1628969,Mikal Bridges,2024-25,00,1610612752,NYK,28.0,82,82,3036,592,1183,0.5,164,463,0.354,96,118,0.814,71,188,259,306,75,43,132,127,1444,SF,78,85
1628970,Miles Bridges,2024-25,00,1610612766,CHA,27.0,64,64,2029,469,1089,0.431,141,450,0.313,221,254,0.87,72,409,481,248,44,45,136,93,1300,SF,77,81
1629052,Oshae Brissett,2024-25,00,1610612755,PHI,27.0,6,2,142,19,39,0.487,6,18,0.333,8,14,0.571,7,15,22,4,4,3,8,14,52,PF,79,82
1627763,Malcolm Brogdon,2024-25,00,1610612764,WAS,32.0,24,13,564,104,240,0.433,16,56,0.286,81,92,0.88,21,70,91,98,13,5,38,30,305,PG,76,82
1628415,Dillon Brooks,2024-25,00,1610612745,HOU,29.0,75,75,2388,384,895,0.429,186,469,0.397,99,121,0.818,75,200,275,128,60,16,76,242,1053,SF,77,78
1628971,Bruce Brown,2024-25,00,1610612761,TOR,28.0,18,0,353,57,131,0.435,11,36,0.306,26,29,0.897,17,51,68,28,17,3,19,26,151,SG,75,81
1628971,Bruce Brown,2024-25,00,1610612740,NOP,28.0,23,12,569,73,178,0.41,16,45,0.356,27,36,0.75,23,73,96,56,17,7,20,45,189,SG,75,81
1628971,Bruce Brown,2024-25,00,0,TOT,28.0,41,12,922,130,309,0.421,27,81,0.333,53,65,0.815,40,124,164,84,34,10,39,71,340,SG,75,81
1627759,Jaylen Brown,2024-25,00,1610612738,BOS,28.0,63,63,2158,518,1118,0.463,116,358,0.324,246,322,0.764,82,286,368,286,73,19,162,154,1398,SF,77,83
1629650,Moses Brown,2024-25,00,1610612754,IND,25.0,9,0,46,13,20,0.65,0,0,0.0,3,5,0.6,4,9,13,0,2,1,6,6,29,C,85,88
1629650,Moses Brown,2024-25,00,1610612742,DAL,25.0,4,2,73,21,29,0.724,0,0,0.0,5,6,0.833,8,23,31,2,4,3,5,11,47,C,85,88
1629650,Moses Brown,2024-25,00,0,TOT,25.0,13,2,119,34,49,0.694,0,0,0.0,8,11,0.727,12,32,44,2,6,4,11,17,76,C,85,88
1628973,Jalen Brunson,2024-25,00,1610612752,NYK,28.0,65,65,2301,585,1200,0.487,152,397,0.383,368,448,0.821,27,160,187,475,60,8,164,138,1690,PG,73,76
1628418,Thomas Bryant,2024-25,00,1610612748,MIA,27.0,10,0,115,12,28,0.429,6,17,0.353,11,11,1.0,6,26,32,4,1,9,2,9,41,C,81,90
1628418,Thomas Bryant,2024-25,00,1610612754,IND,27.0,56,8,848,151,293,0.515,42,131,0.321,44,53,0.83,77,142,219,49,27,32,28,67,388,C,81,90
1628418,Thomas Bryant,2024-25,00,0,TOT,27.0,66,8,963,163,321,0.508,48,148,0.324,55,64,0.859,83,168,251,53,28,41,30,76,429,C,81,90
1641723,Kobe Bufkin,2024-25,00,1610612737,ATL,21.0,10,0,124,18,47,0.383,4,19,0.211,13,18,0.722,5,16,21,17,3,2,8,9,53,SG,76,80
202692,Alec Burks,2024-25,00,1610612748,MIA,33.0,49,14,864,115,271,0.424,88,207,0.425,38,49,0.776,15,109,124,55,28,7,29,37,356,SG,77,82
202710,Jimmy Butler III,2024-25,00,1610612748,MIA,35.0,25,25,766,142,263,0.54,13,36,0.361,129,161,0.801,55,76,131,120,27,10,30,23,426,SF,78,79
202710,Jimmy Butler III,2024-25,00,1610612744,GSW,35.0,30,30,980,159,334,0.476,19,68,0.279,201,231,0.87,70,95,165,178,50,8,44,29,538,SF,78,79
202710,Jimmy Butler III,2024-25,00,0,TOT,35.0,55,55,1746,301,597,0.504,32,104,0.308,330,392,0.842,125,171,296,298,77,18,74,52,964,SF,78,79
1641824,Matas Buzelis,2024-25,00,1610612741,CHI,20.0,80,31,1511,252,555,0.454,96,266,0.361,88,108,0.815,55,223,278,79,29,75,74,128,688,PF,80,82
203484,Kentavious Caldwell-Pope,2024-25,00,1610612753,ORL,32.0,77,77,2279,239,544,0.439,113,330,0.342,82,95,0.863,33,136,169,136,99,34,62,136,673,SG,77,80
1641739,Toumani Camara,2024-25,00,1610612757,POR,25.0,78,78,2548,328,716,0.458,135,360,0.375,91,126,0.722,173,277,450,175,116,50,109,230,882,PF,79,84
203991,Clint Capela,2024-25,00,1610612737,ATL,31.0,55,41,1176,218,390,0.559,0,1,0.0,52,97,0.536,174,295,469,62,34,53,47,106,488,C,82,88
1642267,Bub Carrington,2024-25,00,1610612764,WAS,19.0,82,57,2458,300,748,0.401,138,407,0.339,69,85,0.812,33,308,341,364,54,21,141,190,807,SG,76,80
1642269,Devin Carter,2024-25,00,1610612758,SAC,23.0,36,0,396,47,127,0.37,18,61,0.295,26,44,0.591,19,57,76,41,21,4,18,39,138,SG,74,80
1628975,Jevon Carter,2024-25,00,1610612741,CHI,29.0,36,1,321,55,146,0.377,35,105,0.333,8,10,0.8,4,35,39,40,13,3,11,15,153,PG,72,76
1628976,Wendell Carter Jr.,2024-25,00,1610612753,ORL,26.0,68,51,1758,226,491,0.46,37,158,0.234,129,175,0.737,151,341,492,134,52,41,77,199,618,C,81,88
1627936,Alex Caruso,2024-25,00,1610612760,OKC,31.0,54,3,1041,140,314,0.446,60,170,0.353,42,51,0.824,38,121,159,137,87,30,37,102,382,PG,76,78
1642264,Stephon Castle,2024-25,00,1610612759,SAS,20.0,81,47,2162,423,988,0.428,95,333,0.285,249,344,0.724,89,208,297,332,74,22,177,164,1190,SG,77,81
1630658,Colin Castleton,2024-25,00,1610612763,MEM,25.0,10,0,46,2,10,0.2,0,4,0.0,10,11,0.909,3,6,9,0,1,1,1,6,14,C,83,87
1630658,Colin Castleton,2024-25,00,1610612755,PHI,25.0,5,0,98,12,24,0.5,0,4,0.0,6,9,0.667,16,21,37,10,1,1,1,13,30,C,83,87
1630658,Colin Castleton,2024-25,00,1610612761,TOR,25.0,11,4,288,32,64,0.5,2,8,0.25,13,18,0.722,34,42,76,18,6,8,21,32,79,C,83,87
1630658,Colin Castleton,2024-25,00,0,TOT,25.0,26,4,432,46,98,0.469,2,16,0.125,29,38,0.763,53,69,122,28,8,10,23,51,123,C,83,87
1630577,Julian Champagnie,2024-25,00,1610612759,SAS,24.0,82,29,1932,276,665,0.415,178,480,0.371,85,94,0.904,67,251,318,111,61,35,74,114,815,SF,79,82
1642353,Cam Christie,2024-25,00,1610612746,LAC,19.0,13,0,59,7,24,0.292,2,13,0.154,2,4,0.5,3,9,12,6,5,1,2,4,18,SG,77,81
1631108,Max Christie,2024-25,00,1610612747,LAL,22.0,46,25,1154,128,288,0.444,60,163,0.368,74,87,0.851,25,98,123,66,35,21,39,73,390,SG,76,80
1631108,Max Christie,2024-25,00,1610612742,DAL,22.0,32,11,973,124,302,0.411,55,151,0.364,56,65,0.862,13,122,135,80,29,10,49,42,359,SG,76,80
1631108,Max Christie,2024-25,00,0,TOT,22.0,78,36,2127,252,590,0.427,115,314,0.366,130,152,0.855,38,220,258,146,64,31,88,115,749,SG,76,80
1630528,Josh Christopher,2024-25,00,1610612748,MIA,23.0,14,0,69,11,31,0.355,2,11,0.182,4,6,0.667,0,9,9,8,5,3,6,2,28,SG,75,81
1631321,Sidy Cissoko,2024-25,00,1610612759,SAS,21.0,17,0,54,9,18,0.5,3,7,0.429,1,6,0.167,3,7,10,6,1,0,2,6,22,SF,78,82
1631321,Sidy Cissoko,2024-25,00,1610612757,POR,21.0,5,0,60,4,12,0.333,0,6,0.0,2,3,0.667,5,6,11,9,1,1,9,4,10,SF,78,82
1631321,Sidy Cissoko,2024-25,00,0,TOT,21.0,22,0,114,13,30,0.433,3,13,0.231,3,9,0.333,8,13,21,15,2,1,11,10,32,SF,78,82
1641740,Jaylen Clark,2024-25,00,1610612750,MIN,23.0,40,4,522,56,120,0.467,22,51,0.431,29,37,0.784,26,27,53,26,36,2,8,61,163,SG,76,81
1629634,Brandon Clarke,2024-25,00,1610612763,MEM,28.0,64,18,1207,236,380,0.621,1,17,0.059,61,87,0.701,127,199,326,66,52,36,41,145,534,PF,79,80
203903,Jordan Clarkson,2024-25,00,1610612762,UTA,33.0,37,9,962,201,493,0.408,84,232,0.362,114,143,0.797,25,93,118,138,31,9,86,52,600,SG,75,80
1629651,Nic Claxton,2024-25,00,1610612751,BKN,26.0,70,62,1882,320,568,0.563,5,21,0.238,79,154,0.513,157,358,515,157,62,100,87,150,724,C,82,86
1642270,Donovan Clingan,2024-25,00,1610612757,POR,21.0,67,37,1324,180,334,0.539,14,49,0.286,62,104,0.596,217,310,527,77,34,110,72,189,436,C,86,91
1641730,Noah Clowney,2024-25,00,1610612751,BKN,20.0,46,20,1042,133,372,0.358,87,261,0.333,67,80,0.838,43,138,181,40,24,21,46,105,420,PF,82,86
1629599,Amir Coffey,2024-25,00,1610612746,LAC,28.0,72,13,1748,240,510,0.471,101,247,0.409,115,129,0.891,32,129,161,77,40,7,45,120,696,SF,79,80
1642268,Isaiah Collier,2024-25,00,1610612762,UTA,20.0,71,46,1839,234,555,0.422,42,169,0.249,105,154,0.682,32,203,235,446,66,16,208,149,615,PG,74,76
1628381,John Collins,2024-25,00,1610612762,UTA,27.0,40,31,1221,280,531,0.527,59,148,0.399,139,164,0.848,89,238,327,80,39,40,103,116,758,PF,80,83
1628380,Zach Collins,2024-25,00,1610612759,SAS,27.0,36,4,425,61,132,0.462,14,46,0.304,31,35,0.886,38,63,101,52,14,15,23,70,167,C,82,85
1628380,Zach Collins,2024-25,00,1610612741,CHI,27.0,28,8,552,92,170,0.541,18,60,0.3,38,43,0.884,64,123,187,59,15,14,37,62,240,C,82,85
1628380,Zach Collins,2024-25,00,0,TOT,27.0,64,12,977,153,302,0.507,32,106,0.302,69,78,0.885,102,186,288,111,29,29,60,132,407,C,82,85
201144,Mike Conley,2024-25,00,1610612750,MIN,37.0,71,64,1756,187,468,0.4,127,310,0.41,81,90,0.9,32,150,182,319,79,14,75,111,582,PG,71,78
1626192,Pat Connaughton,2024-25,00,1610612749,MIL,32.0,41,1,603,83,177,0.469,26,81,0.321,24,31,0.774,19,90,109,70,9,11,24,45,216,SG,76,80
1641731,Bilal Coulibaly,2024-25,00,1610612764,WAS,20.0,59,59,1948,263,624,0.421,63,224,0.281,138,185,0.746,91,203,294,199,78,41,125,139,727,SF,78,86
203109,Jae Crowder,2024-25,00,1610612758,SAC,34.0,9,2,103,7,22,0.318,4,15,0.267,5,6,0.833,6,14,20,6,3,0,4,10,23,PF,77,82
1630595,Cade Cunningham,2024-25,00,1610612765,DET,23.0,70,70,2452,684,1457,0.469,149,418,0.356,313,370,0.846,56,369,425,638,71,53,309,195,1830,SG,78,84
203552,Seth Curry,2024-25,00,1610612766,CHA,34.0,68,14,1062,164,343,0.478,83,182,0.456,33,39,0.846,24,89,113,60,27,7,32,59,444,SG,73,76
201939,Stephen Curry,2024-25,00,1610612744,GSW,37.0,70,70,2252,564,1258,0.448,311,784,0.397,279,299,0.933,40,270,310,421,80,30,200,95,1718,PG,74,75
1630700,Dyson Daniels,2024-25,00,1610612737,ATL,22.0,76,76,2571,455,923,0.493,80,235,0.34,83,140,0.593,124,325,449,333,229,55,155,175,1073,SG,78,83
203076,Anthony Davis,2024-25,00,1610612747,LAL,32.0,42,42,1439,400,758,0.528,28,94,0.298,253,321,0.788,119,380,499,141,54,90,93,82,1081,C,81,89
203076,Anthony Davis,2024-25,00,1610612742,DAL,32.0,9,9,266,70,152,0.461,7,30,0.233,33,48,0.688,15,76,91,40,5,20,20,16,180,C,81,89
203076,Anthony Davis,2024-25,00,0,TOT,32.0,51,51,1705,470,910,0.516,35,124,0.282,286,369,0.775,134,456,590,181,59,110,113,98,1261,C,81,89
1631098,Johnny Davis,2024-25,00,1610612764,WAS,22.0,34,0,242,32,78,0.41,7,29,0.241,9,15,0.6,10,28,38,11,15,6,7,18,80,SG,76,80
1631120,JD Davison,2024-25,00,1610612738,BOS,22.0,16,0,93,12,34,0.353,4,18,0.222,5,7,0.714,2,11,13,13,5,1,13,2,33,PG,73,79
201942,DeMar DeRozan,2024-25,00,1610612758,SAC,35.0,77,77,2768,624,1308,0.477,84,256,0.328,378,441,0.857,50,248,298,342,62,32,105,150,1710,SF,78,81
1628978,Donte DiVincenzo,2024-25,00,1610612750,MIN,28.0,62,10,1606,250,593,0.422,174,438,0.397,49,63,0.778,32,196,228,225,73,17,99,114,723,SG,76,78
1631217,Moussa Diabaté,2024-25,00,1610612766,CHA,23.0,71,8,1241,167,280,0.596,0,6,0.0,69,116,0.595,187,251,438,56,46,40,61,109,403,C,81,86
1641711,Gradey Dick,2024-25,00,1610612761,TOR,21.0,54,54,1587,265,647,0.41,114,326,0.35,133,155,0.858,44,149,193,98,48,10,83,120,777,SG,78,80
1631172,Ousmane Dieng,2024-25,00,1610612760,OKC,22.0,37,1,405,54,125,0.432,23,71,0.324,11,16,0.688,18,63,81,31,17,7,18,33,142,SF,81,84
1642265,Rob Dillingham,2024-25,00,1610612750,MIN,20.0,49,1,516,93,211,0.441,25,74,0.338,8,15,0.533,12,38,50,98,20,1,53,37,219,PG,73,75
203915,Spencer Dinwiddie,2024-25,00,1610612742,DAL,32.0,79,30,2136,284,682,0.416,109,326,0.334,195,243,0.802,18,191,209,349,70,17,102,121,872,PG,77,81
1629029,Luka Dončić,2024-25,00,1610612742,DAL,26.0,22,22,785,216,466,0.464,75,212,0.354,112,146,0.767,16,167,183,172,44,9,75,58,619,SF,79,83
1629029,Luka Dončić,2024-25,00,1610612747,LAL,26.0,28,28,984,245,559,0.438,102,269,0.379,197,249,0.791,24,202,226,211,45,12,104,68,789,SF,79,83
1629029,Luka Dončić,2024-25,00,0,TOT,26.0,50,50,1769,461,1025,0.45,177,481,0.368,309,395,0.782,40,369,409,383,89,21,179,126,1408,SF,79,83
1629652,Luguentz Dort,2024-25,00,1610612760,OKC,26.0,71,71,2073,258,593,0.435,170,413,0.412,33,46,0.717,89,204,293,115,79,39,51,208,719,SG,75,80
1630245,Ayo Dosunmu,2024-25,00,1610612741,CHI,25.0,46,26,1394,221,449,0.492,62,189,0.328,62,79,0.785,26,135,161,208,43,18,69,105,566,SG,76,82
203083,Andre Drummond,2024-25,00,1610612755,PHI,31.0,40,23,751,117,234,0.5,3,20,0.15,56,90,0.622,109,201,310,34,39,18,55,94,293,C,81,90
1630537,Chris Duarte,2024-25,00,1610612741,CHI,28.0,17,0,74,12,26,0.462,6,15,0.4,6,8,0.75,5,15,20,9,0,0,1,7,36,SG,77,79
1627739,Kris Dunn,2024-25,00,1610612746,LAC,31.0,74,58,1783,192,437,0.439,75,224,0.335,15,22,0.682,53,198,251,210,128,27,74,197,474,PG,75,81
1642346,Ryan Dunn,2024-25,00,1610612756,PHX,22.0,74,44,1410,205,477,0.43,82,264,0.311,19,39,0.487,92,175,267,57,44,40,40,162,511,PF,78,85
201142,Kevin Durant,2024-25,00,1610612756,PHX,36.0,62,62,2265,592,1124,0.527,160,372,0.43,303,361,0.839,23,351,374,263,50,77,190,104,1647,PF,81,88
1631105,Jalen Duren,2024-25,00,1610612765,DET,21.0,78,78,2034,378,546,0.692,0,0,0.0,162,242,0.669,277,530,807,209,54,89,136,251,918,C,82,89
1631106,Tari Eason,2024-25,00,1610612745,HOU,24.0,57,16,1420,272,559,0.487,63,184,0.342,79,104,0.76,128,234,362,83,97,50,65,136,686,PF,79,86
1641744,Zach Edey,2024-25,00,1610612763,MEM,23.0,66,55,1416,251,433,0.58,18,52,0.346,90,127,0.709,232,316,548,65,36,85,88,182,610,C,88,94
1630162,Anthony Edwards,2024-25,00,1610612750,MIN,23.0,79,79,2871,721,1612,0.447,320,811,0.395,415,496,0.837,61,389,450,359,91,51,249,150,2177,SG,75,81
1630556,Kessler Edwards,2024-25,00,1610612742,DAL,24.0,40,18,608,67,135,0.496,22,54,0.407,12,13,0.923,22,93,115,42,19,20,16,62,168,SF,79,83
1631165,Keon Ellis,2024-25,00,1610612758,SAC,25.0,80,28,1948,227,464,0.489,139,321,0.433,73,86,0.849,60,152,212,120,121,63,71,176,666,SG,76,82
203954,Joel Embiid,2024-25,00,1610612755,PHI,31.0,19,19,574,140,315,0.444,23,77,0.299,149,169,0.882,36,119,155,85,14,18,62,42,452,C,84,89
1629234,Drew Eubanks,2024-25,00,1610612762,UTA,28.0,37,4,568,88,145,0.607,3,5,0.6,36,57,0.632,40,128,168,45,10,32,31,46,215,C,81,83
1629234,Drew Eubanks,2024-25,00,1610612746,LAC,28.0,24,0,178,27,49,0.551,0,1,0.0,11,14,0.786,20,38,58,9,2,7,10,17,65,C,81,83
1629234,Drew Eubanks,2024-25,00,0,TOT,28.0,61,4,746,115,194,0.593,3,6,0.5,47,71,0.662,60,166,226,54,12,39,41,63,280,C,81,83
203957,Danté Exum,2024-25,00,1610612742,DAL,29.0,20,13,372,64,134,0.478,23,53,0.434,23,31,0.742,4,29,33,56,12,3,22,34,174,SG,77,81
1628981,Bruno Fernando,2024-25,00,1610612761,TOR,26.0,17,2,147,26,49,0.531,0,0,0.0,6,8,0.75,21,30,51,18,4,9,14,27,58,C,81,87
1642271,Kyle Filipowski,2024-25,00,1610612762,UTA,21.0,72,27,1522,260,518,0.502,77,220,0.35,93,143,0.65,112,328,440,140,48,22,102,171,690,PF,82,82
1627827,Dorian Finney-Smith,2024-25,00,1610612751,BKN,32.0,20,20,579,73,159,0.459,47,108,0.435,15,24,0.625,31,60,91,31,18,12,18,54,208,SF,79,83
1627827,Dorian Finney-Smith,2024-25,00,1610612747,LAL,32.0,43,20,1239,122,276,0.442,82,206,0.398,15,21,0.714,49,107,156,59,40,11,38,82,341,SF,79,83
1627827,Dorian Finney-Smith,2024-25,00,0,TOT,32.0,63,40,1819,195,435,0.448,129,314,0.411,30,45,0.667,80,167,247,90,58,23,56,136,549,SF,79,83
1630201,Malachi Flynn,2024-25,00,1610612766,CHA,26.0,4,0,44,5,13,0.385,1,4,0.25,5,6,0.833,3,4,7,7,3,0,4,4,16,PG,73,75
1628368,De'Aaron Fox,2024-25,00,1610612758,SAC,27.0,45,45,1663,414,883,0.469,92,286,0.322,204,246,0.829,45,180,225,276,66,20,133,118,1124,PG,74,78
1628368,De'Aaron Fox,2024-25,00,1610612759,SAS,27.0,17,17,578,125,280,0.446,26,95,0.274,59,72,0.819,9,64,73,116,25,5,41,46,335,PG,74,78
1628368,De'Aaron Fox,2024-25,00,0,TOT,27.0,62,62,2241,539,1163,0.463,118,381,0.31,263,318,0.827,54,244,298,392,91,25,174,164,1459,PG,74,78
1628365,Markelle Fultz,2024-25,00,1610612758,SAC,27.0,21,0,184,28,67,0.418,4,8,0.5,1,1,1.0,6,14,20,27,10,2,15,12,61,PG,75,81
1642277,Johnny Furphy,2024-25,00,1610612754,IND,20.0,50,0,379,35,92,0.38,15,50,0.3,18,22,0.818,23,48,71,19,18,11,12,41,103,SF,80,81
1629655,Daniel Gafford,2024-25,00,1610612742,DAL,26.0,57,31,1226,283,403,0.702,0,0,0.0,135,196,0.689,155,233,388,80,23,102,66,152,701,C,81,86
1629636,Darius Garland,2024-25,00,1610612739,CLE,25.0,75,75,2301,554,1174,0.472,212,529,0.401,224,255,0.878,47,167,214,506,91,11,189,143,1544,PG,73,77
1630568,Luka Garza,2024-25,00,1610612750,MIN,26.0,39,0,219,52,105,0.495,10,36,0.278,24,35,0.686,31,23,54,11,6,3,12,29,138,C,82,85
1641718,Keyonte George,2024-25,00,1610612762,UTA,21.0,67,35,2108,359,919,0.391,174,507,0.343,233,285,0.818,26,227,253,377,46,9,183,111,1125,SG,76,78
1642273,Kyshawn George,2024-25,00,1610612764,WAS,21.0,68,38,1802,203,546,0.372,114,354,0.322,70,93,0.753,49,236,285,169,68,50,97,201,590,SF,79,82
202331,Paul George,2024-25,00,1610612755,PHI,35.0,41,41,1334,245,570,0.43,96,268,0.358,79,97,0.814,24,195,219,178,75,20,106,101,665,SF,80,83
1630581,Josh Giddey,2024-25,00,1610612741,CHI,22.0,70,69,2117,371,798,0.465,105,278,0.378,175,224,0.781,127,439,566,503,84,45,202,122,1022,SF,80,79
1628983,Shai Gilgeous-Alexander,2024-25,00,1610612760,OKC,26.0,76,76,2598,860,1656,0.519,163,435,0.375,601,669,0.898,67,312,379,486,131,77,183,164,2484,PG,77,83
1630264,Anthony Gill,2024-25,00,1610612764,WAS,32.0,51,0,398,43,88,0.489,10,31,0.323,33,50,0.66,18,48,66,16,9,2,10,30,129,PF,80,83
203497,Rudy Gobert,2024-25,00,1610612750,MIN,33.0,72,72,2388,341,510,0.669,0,0,0.0,184,273,0.674,265,520,785,127,56,104,89,182,866,C,85,92
203932,Aaron Gordon,2024-25,00,1610612743,DEN,29.0,51,42,1447,264,497,0.531,75,172,0.436,145,179,0.81,80,167,247,164,23,14,73,82,748,PF,80,84
201569,Eric Gordon,2024-25,00,1610612755,PHI,36.0,39,13,769,87,204,0.426,56,137,0.409,36,48,0.75,8,38,46,65,26,12,28,32,266,SG,74,81
203924,Jerami Grant,2024-25,00,1610612757,POR,31.0,47,47,1524,214,574,0.373,108,296,0.365,141,166,0.849,26,137,163,101,41,46,65,109,677,PF,79,87
203110,Draymond Green,2024-25,00,1610612744,GSW,35.0,68,66,1983,216,509,0.424,80,246,0.325,101,147,0.687,74,340,414,383,99,70,174,219,613,PF,78,85
1630224,Jalen Green,2024-25,00,1610612745,HOU,23.0,82,82,2697,608,1437,0.423,234,661,0.354,273,336,0.813,45,332,377,282,71,27,203,127,1723,SG,76,79
201145,Jeff Green,2024-25,00,1610612745,HOU,38.0,32,3,396,61,121,0.504,29,79,0.367,21,26,0.808,11,47,58,20,6,4,9,32,172,PF,79,85
1630182,Josh Green,2024-25,00,1610612766,CHA,24.0,68,67,1888,180,421,0.428,97,248,0.391,49,72,0.681,56,116,172,108,74,15,70,165,506,SG,77,81
1629656,Quentin Grimes,2024-25,00,1610612742,DAL,25.0,47,12,1070,169,365,0.463,80,201,0.398,62,81,0.765,30,149,179,101,32,10,61,78,480,SG,76,80
1629656,Quentin Grimes,2024-25,00,1610612755,PHI,25.0,28,25,943,215,458,0.469,82,220,0.373,100,133,0.752,29,116,145,127,42,12,80,60,612,SG,76,80
1629656,Quentin Grimes,2024-25,00,0,TOT,25.0,75,37,2013,384,823,0.467,162,421,0.385,162,214,0.757,59,265,324,228,74,22,141,138,1092,SG,76,80
1631243,Mouhamed Gueye,2024-25,00,1610612737,ATL,22.0,33,28,533,72,171,0.421,21,81,0.259,32,42,0.762,44,95,139,27,28,33,15,55,197,C,82,87
1629060,Rui Hachimura,2024-25,00,1610612747,LAL,27.0,59,57,1869,293,576,0.509,102,247,0.413,87,113,0.77,79,216,295,83,45,26,49,105,775,PF,79,86
1630169,Tyrese Haliburton,2024-25,00,1610612754,IND,25.0,73,73,2450,476,1006,0.473,218,562,0.388,189,222,0.851,42,216,258,673,105,49,120,92,1359,PG,77,80
203501,Tim Hardaway Jr.,2024-25,00,1610612765,DET,33.0,77,77,2153,276,680,0.406,168,457,0.368,124,145,0.855,18,165,183,123,38,7,48,96,844,SG,77,80
201935,James Harden,2024-25,00,1610612746,LAC,35.0,79,79,2789,531,1295,0.41,235,668,0.352,505,578,0.874,55,401,456,687,118,55,341,162,1802,SG,76,82
1630702,Jaden Hardy,2024-25,00,1610612742,DAL,22.0,57,3,907,180,414,0.435,76,197,0.386,60,86,0.698,9,80,89,81,28,5,82,90,496,SG,76,81
203914,Gary Harris,2024-25,00,1610612753,ORL,30.0,48,3,711,51,133,0.383,36,101,0.356,7,12,0.583,20,44,64,30,26,12,17,45,145,SG,75,79
202699,Tobias Harris,2024-25,00,1610612765,DET,32.0,73,73,2305,384,805,0.477,91,264,0.345,143,166,0.861,65,367,432,162,74,57,85,138,1002,PF,79,83
1628404,Josh Hart,2024-25,00,1610612752,NYK,30.0,77,77,2897,404,770,0.525,84,252,0.333,159,205,0.776,161,576,737,453,119,27,158,201,1051,SF,76,80
1628392,Isaiah Hartenstein,2024-25,00,1610612760,OKC,27.0,57,53,1590,279,480,0.581,0,19,0.0,79,117,0.675,163,448,611,219,47,62,96,171,637,C,83,86
1630573,Sam Hauser,2024-25,00,1610612738,BOS,27.0,71,19,1541,214,474,0.451,166,399,0.416,11,11,1.0,44,180,224,64,41,13,23,87,605,SF,79,81
1641722,Jordan Hawkins,2024-25,00,1610612740,NOP,23.0,56,9,1320,207,556,0.372,110,332,0.331,80,98,0.816,25,133,158,66,30,23,58,51,604,SG,76,79
1629637,Jaxson Hayes,2024-25,00,1610612747,LAL,25.0,56,35,1093,161,223,0.722,0,3,0.0,61,98,0.622,78,191,269,58,31,51,43,136,383,C,82,87
1630165,Killian Hayes,2024-25,00,1610612751,BKN,23.0,6,5,162,18,43,0.419,8,21,0.381,10,12,0.833,5,13,18,31,4,4,9,13,54,PG,77,81
1630703,Scoot Henderson,2024-25,00,1610612757,POR,21.0,66,10,1759,287,685,0.419,105,297,0.354,158,206,0.767,52,146,198,335,68,13,177,181,837,PG,74,81
1641707,Taylor Hendricks,2024-25,00,1610612762,UTA,21.0,3,3,75,4,18,0.222,3,12,0.25,3,4,0.75,5,10,15,2,5,4,2,8,14,PF,80,84
1629639,Tyler Herro,2024-25,00,1610612748,MIA,25.0,77,77,2725,651,1378,0.472,251,670,0.375,287,327,0.878,35,364,399,424,69,17,198,85,1840,SG,76,75
1627741,Buddy Hield,2024-25,00,1610612744,GSW,32.0,82,22,1863,328,786,0.417,203,549,0.37,53,64,0.828,51,213,264,134,69,23,91,132,912,SG,76,81
1629312,Haywood Highsmith,2024-25,00,1610612748,MIA,28.0,74,42,1818,179,391,0.458,89,233,0.382,31,43,0.721,72,180,252,112,68,37,54,164,478,SF,77,83
1628988,Aaron Holiday,2024-25,00,1610612745,HOU,28.0,62,3,792,117,268,0.437,72,181,0.398,34,41,0.829,13,65,78,83,19,11,37,64,340,PG,72,79
201950,Jrue Holiday,2024-25,00,1610612738,BOS,35.0,62,62,1896,254,573,0.443,108,306,0.353,70,77,0.909,76,189,265,239,66,27,77,101,686,PG,75,79
1641842,Ronald Holland II,2024-25,00,1610612765,DET,19.0,81,2,1266,197,416,0.474,36,151,0.238,92,122,0.754,40,178,218,82,49,17,72,141,522,SG,79,83
1626158,Richaun Holmes,2024-25,00,1610612764,WAS,31.0,31,7,534,90,139,0.647,0,3,0.0,50,60,0.833,62,115,177,42,9,23,21,49,230,C,80,85
1631096,Chet Holmgren,2024-25,00,1610612760,OKC,23.0,32,32,877,167,341,0.49,44,116,0.379,101,134,0.754,48,209,257,63,23,71,56,72,479,C,84,90
1641720,Jalen Hood-Schifino,2024-25,00,1610612747,LAL,22.0,2,0,14,1,1,1.0,0,0,0.0,2,2,1.0,1,0,1,1,0,1,1,3,4,PG,76,82
1641720,Jalen Hood-Schifino,2024-25,00,1610612755,PHI,22.0,13,0,301,36,97,0.371,14,46,0.304,16,19,0.842,2,24,26,36,5,6,17,22,102,PG,76,82
1641720,Jalen Hood-Schifino,2024-25,00,0,TOT,22.0,15,0,315,37,98,0.378,14,46,0.304,18,21,0.857,3,24,27,37,5,7,18,25,106,PG,76,82
201143,Al Horford,2024-25,00,1610612738,BOS,39.0,60,42,1659,195,461,0.423,114,314,0.363,34,38,0.895,79,290,369,128,36,51,46,81,538,C,80,84
1629659,Talen Horton-Tucker,2024-25,00,1610612741,CHI,24.0,58,0,724,133,291,0.457,41,122,0.336,72,98,0.735,19,81,100,83,21,11,40,59,379,SG,74,85
1631216,Caleb Houstan,2024-25,00,1610612753,ORL,22.0,58,6,788,80,190,0.421,64,160,0.4,15,17,0.882,19,56,75,35,22,6,13,62,239,SG,78,82
1641724,Jett Howard,2024-25,00,1610612753,ORL,21.0,60,0,701,98,262,0.374,55,186,0.296,16,23,0.696,20,50,70,44,13,11,36,68,267,SF,80,81
1628989,Kevin Huerter,2024-25,00,1610612758,SAC,26.0,43,15,899,128,310,0.413,62,205,0.302,20,28,0.714,19,101,120,74,36,16,37,70,338,SG,78,79
1628989,Kevin Huerter,2024-25,00,1610612741,CHI,26.0,26,16,780,129,294,0.439,70,186,0.376,15,21,0.714,11,74,85,82,30,7,30,51,343,SG,78,79
1628989,Kevin Huerter,2024-25,00,0,TOT,26.0,69,31,1679,257,604,0.425,132,391,0.338,35,49,0.714,30,175,205,156,66,23,67,121,681,SG,78,79
1629631,De'Andre Hunter,2024-25,00,1610612737,ATL,27.0,37,4,1064,227,492,0.461,97,247,0.393,151,176,0.858,27,118,145,57,31,5,59,88,702,SF,79,86
1629631,De'Andre Hunter,2024-25,00,1610612739,CLE,27.0,27,5,676,131,270,0.485,60,141,0.426,64,78,0.821,17,96,113,35,19,8,23,67,386,SF,79,86
1629631,De'Andre Hunter,2024-25,00,0,TOT,27.0,64,9,1740,358,762,0.47,157,388,0.405,215,254,0.846,44,214,258,92,50,13,82,155,1088,SF,79,86
1630538,Bones Hyland,2024-25,00,1610612746,LAC,24.0,20,0,222,45,115,0.391,31,80,0.388,23,26,0.885,5,19,24,28,18,4,24,26,144,PG,74,81
1630538,Bones Hyland,2024-25,00,1610612750,MIN,24.0,4,0,17,2,3,0.667,1,2,0.5,0,0,0.0,0,1,1,4,0,0,1,3,5,PG,74,81
1630538,Bones Hyland,2024-25,00,0,TOT,24.0,24,0,239,47,118,0.398,32,82,0.39,23,26,0.885,5,20,25,32,18,4,25,29,149,PG,74,81
1642345,Oso Ighodaro,2024-25,00,1610612756,PHX,22.0,61,6,1046,113,187,0.604,0,2,0.0,29,50,0.58,66,156,222,71,28,29,39,102,255,C,81,83
204060,Joe Ingles,2024-25,00,1610612750,MIN,37.0,19,1,114,6,23,0.261,3,15,0.2,0,0,0.0,2,9,11,23,2,0,9,12,15,SF,80,82
1627742,Brandon Ingram,2024-25,00,1610612740,NOP,27.0,18,18,595,155,333,0.465,43,115,0.374,47,55,0.855,17,83,100,93,16,11,69,45,400,SF,79,87
1631127,Harrison Ingram,2024-25,00,1610612759,SAS,22.0,5,0,35,2,4,0.5,0,1,0.0,0,0,0.0,2,7,9,3,3,0,1,2,4,SF,77,84
202681,Kyrie Irving,2024-25,00,1610612742,DAL,33.0,50,50,1804,447,945,0.473,144,359,0.401,196,214,0.916,60,180,240,231,66,23,111,101,1234,PG,74,76
1628371,Jonathan Isaac,2024-25,00,1610612753,ORL,27.0,71,1,1090,134,324,0.414,39,151,0.258,73,107,0.682,120,194,314,40,61,80,33,90,380,PF,82,85
1631093,Jaden Ivey,2024-25,00,1610612765,DET,23.0,30,30,898,190,413,0.46,63,154,0.409,85,116,0.733,40,84,124,119,28,11,89,67,528,SG,76,81
1641713,GG Jackson,2024-25,00,1610612763,MEM,20.0,29,3,459,74,199,0.372,32,95,0.337,29,40,0.725,27,65,92,29,12,5,31,30,209,PF,80,83
1630543,Isaiah Jackson,2024-25,00,1610612754,IND,23.0,5,1,84,14,23,0.609,0,0,0.0,7,14,0.5,11,17,28,5,3,8,5,14,35,C,81,86
202704,Reggie Jackson,2024-25,00,1610612755,PHI,35.0,31,1,384,52,133,0.391,25,74,0.338,7,9,0.778,8,34,42,45,16,3,17,34,136,PG,74,83
1641748,Andre Jackson Jr.,2024-25,00,1610612749,MIL,23.0,67,43,980,94,197,0.477,30,76,0.395,12,24,0.5,65,117,182,83,34,14,58,114,230,SF,78,82
1628991,Jaren Jackson Jr.,2024-25,00,1610612763,MEM,25.0,74,74,2207,592,1213,0.488,146,389,0.375,311,398,0.781,91,326,417,148,92,113,153,257,1641,PF,82,89
1631218,Trayce Jackson-Davis,2024-25,00,1610612744,GSW,25.0,62,37,967,174,302,0.576,0,3,0.0,59,102,0.578,122,189,311,104,23,38,45,73,407,C,80,85
1642355,Bronny James,2024-25,00,1610612747,LAL,20.0,27,1,181,21,67,0.313,9,32,0.281,11,14,0.786,4,14,18,22,9,3,13,13,62,PG,74,79
2544,LeBron James,2024-25,00,1610612747,LAL,40.0,70,70,2444,651,1270,0.513,149,396,0.376,259,331,0.782,72,474,546,575,70,39,260,99,1710,PF,80,84
1631170,Jaime Jaquez Jr.,2024-25,00,1610612748,MIA,24.0,66,17,1368,213,462,0.461,37,119,0.311,107,142,0.754,84,206,290,166,61,14,98,81,570,SF,78,82
1629660,Ty Jerome,2024-25,00,1610612739,CLE,27.0,70,3,1392,319,618,0.516,111,253,0.439,129,148,0.872,50,123,173,237,78,3,92,102,878,PG,76,76
1630198,Isaiah Joe,2024-25,00,1610612760,OKC,25.0,74,16,1604,259,588,0.44,192,466,0.412,46,56,0.821,41,155,196,119,48,9,38,113,756,SG,75,80
1642358,AJ Johnson,2024-25,00,1610612749,MIL,20.0,7,0,44,8,19,0.421,3,5,0.6,1,2,0.5,0,7,7,7,1,0,4,0,20,SG,76,80
1642358,AJ Johnson,2024-25,00,1610612764,WAS,20.0,22,11,595,74,194,0.381,21,85,0.247,31,35,0.886,8,44,52,69,11,3,31,50,200,SG,76,80
1642358,AJ Johnson,2024-25,00,0,TOT,20.0,29,11,638,82,213,0.385,24,90,0.267,32,37,0.865,8,51,59,76,12,3,35,50,220,SG,76,80
1629661,Cameron Johnson,2024-25,00,1610612751,BKN,29.0,57,57,1800,355,747,0.475,159,408,0.39,201,225,0.893,54,193,247,194,53,25,99,104,1070,SF,79,83
1630552,Jalen Johnson,2024-25,00,1610612737,ATL,23.0,36,36,1284,271,542,0.5,44,141,0.312,94,126,0.746,62,297,359,181,56,36,106,67,680,PF,80,84
1629640,Keldon Johnson,2024-25,00,1610612759,SAS,25.0,77,0,1838,371,770,0.482,87,274,0.318,150,194,0.773,112,259,371,125,49,22,77,115,979,SF,77,81
1630553,Keon Johnson,2024-25,00,1610612751,BKN,23.0,79,56,1925,303,779,0.389,126,401,0.314,107,139,0.77,63,234,297,175,82,30,116,209,839,SG,75,79
203999,Nikola Jokić,2024-25,00,1610612743,DEN,30.0,70,70,2571,786,1364,0.576,138,331,0.417,361,451,0.8,200,692,892,716,127,45,230,160,2071,C,84,87
1641732,Colby Jones,2024-25,00,1610612758,SAC,23.0,24,0,130,11,26,0.423,4,10,0.4,0,0,0.0,8,15,23,7,6,7,7,13,26,SG,76,81
1641732,Colby Jones,2024-25,00,1610612764,WAS,23.0,15,0,385,48,103,0.466,12,39,0.308,23,35,0.657,13,51,64,37,20,6,16,24,131,SG,76,81
1641732,Colby Jones,2024-25,00,0,TOT,23.0,39,0,515,59,129,0.457,16,49,0.327,23,35,0.657,21,66,87,44,26,13,23,37,157,SG,76,81
1641794,Dillon Jones,2024-25,00,1610612760,OKC,23.0,54,3,552,51,133,0.383,16,63,0.254,17,28,0.607,30,91,121,58,16,4,28,54,135,SF,77,83
1630529,Herbert Jones,2024-25,00,1610612740,NOP,26.0,20,20,648,75,172,0.436,22,72,0.306,33,40,0.825,22,56,78,65,37,9,35,66,205,SF,78,84
1630200,Tre Jones,2024-25,00,1610612759,SAS,25.0,28,0,450,45,93,0.484,8,26,0.308,25,33,0.758,15,43,58,104,18,5,21,33,123,PG,73,76
1630200,Tre Jones,2024-25,00,1610612741,CHI,25.0,18,9,455,83,145,0.572,11,22,0.5,30,34,0.882,16,42,58,88,19,5,14,22,207,PG,73,76
1630200,Tre Jones,2024-25,00,0,TOT,25.0,46,9,905,128,238,0.538,19,48,0.396,55,67,0.821,31,85,116,192,37,10,35,55,330,PG,73,76
1626145,Tyus Jones,2024-25,00,1610612756,PHX,29.0,81,58,2174,306,683,0.448,166,401,0.414,51,57,0.895,40,156,196,429,69,8,91,63,829,PG,73,77
1627884,Derrick Jones Jr.,2024-25,00,1610612746,LAC,28.0,77,55,1873,310,589,0.526,78,219,0.356,83,118,0.703,93,170,263,60,79,33,66,153,781,PF,78,84
201599,DeAndre Jordan,2024-25,00,1610612743,DEN,36.0,56,5,691,91,140,0.65,0,0,0.0,27,64,0.422,84,200,284,53,16,27,40,74,209,C,81,90
202709,Cory Joseph,2024-25,00,1610612753,ORL,33.0,50,16,612,62,154,0.403,39,107,0.364,14,18,0.778,17,57,74,72,26,4,18,50,177,PG,74,78
1631107,Nikola Jović,2024-25,00,1610612748,MIA,22.0,46,10,1156,172,377,0.456,78,210,0.371,72,87,0.828,26,154,180,131,38,13,60,82,494,PF,81,84
1628379,Luke Kennard,2024-25,00,1610612763,MEM,29.0,65,11,1472,206,431,0.478,113,261,0.433,51,57,0.895,37,146,183,215,50,5,72,59,576,SG,76,77
1631117,Walker Kessler,2024-25,00,1610612762,UTA,23.0,58,58,1740,278,419,0.663,6,34,0.176,79,152,0.52,266,441,707,97,36,138,86,130,641,C,84,88
1630557,Corey Kispert,2024-25,00,1610612764,WAS,26.0,61,0,1602,255,565,0.451,120,330,0.364,75,88,0.852,36,145,181,103,26,14,64,98,705,SF,78,79
1628467,Maxi Kleber,2024-25,00,1610612742,DAL,33.0,34,4,637,37,96,0.385,13,49,0.265,16,21,0.762,25,70,95,43,9,17,23,66,103,C,81,83
1641752,Bobi Klintman,2024-25,00,1610612765,DET,22.0,8,0,42,6,10,0.6,2,5,0.4,1,2,0.5,1,6,7,7,2,1,1,8,15,SF,81,83
1642261,Dalton Knecht,2024-25,00,1610612747,LAL,24.0,78,16,1494,257,557,0.461,128,340,0.376,64,84,0.762,37,179,216,66,24,8,37,93,706,SF,77,81
1642278,Tyler Kolek,2024-25,00,1610612752,NYK,24.0,41,0,296,27,82,0.329,14,47,0.298,13,17,0.765,8,19,27,70,12,4,18,26,81,PG,73,75
1631132,Christian Koloko,2024-25,00,1610612747,LAL,25.0,37,0,342,40,66,0.606,0,4,0.0,10,14,0.714,35,57,92,16,8,16,12,44,90,C,83,89
1629723,John Konchar,2024-25,00,1610612763,MEM,29.0,46,4,558,41,91,0.451,23,62,0.371,7,8,0.875,37,114,151,42,30,14,16,32,112,SF,77,80
1628436,Luke Kornet,2024-25,00,1610612738,BOS,29.0,73,16,1361,187,280,0.668,0,3,0.0,67,97,0.691,190,198,388,117,36,71,31,119,441,C,85,85
1630228,Jonathan Kuminga,2024-25,00,1610612744,GSW,22.0,47,10,1144,258,568,0.454,46,151,0.305,157,235,0.668,56,161,217,104,38,21,71,90,719,SF,79,83
1628398,Kyle Kuzma,2024-25,00,1610612764,WAS,29.0,32,30,887,191,455,0.42,45,160,0.281,59,98,0.602,27,158,185,79,20,7,73,52,486,PF,80,79
1628398,Kyle Kuzma,2024-25,00,1610612749,MIL,29.0,33,32,1049,179,393,0.455,51,153,0.333,69,104,0.663,27,158,185,73,16,12,73,67,478,PF,80,79
1628398,Kyle Kuzma,2024-25,00,0,TOT,29.0,65,62,1936,370,848,0.436,96,313,0.307,128,202,0.634,54,316,370,152,36,19,146,119,964,PF,80,79
1631222,Jake LaRavia,2024-25,00,1610612763,MEM,23.0,47,0,982,118,241,0.49,40,90,0.444,67,96,0.698,67,138,205,133,44,20,69,92,343,SF,79,82
1631222,Jake LaRavia,2024-25,00,1610612758,SAC,23.0,19,0,367,42,96,0.438,20,52,0.385,11,19,0.579,23,31,54,25,18,3,17,40,115,SF,79,82
1631222,Jake LaRavia,2024-25,00,0,TOT,23.0,66,0,1349,160,337,0.475,60,142,0.423,78,115,0.678,90,169,259,158,62,23,86,132,458,SF,79,82
203897,Zach LaVine,2024-25,00,1610612741,CHI,30.0,42,42,1432,363,710,0.511,136,305,0.446,145,182,0.797,12,190,202,189,39,10,121,64,1007,SG,77,82
203897,Zach LaVine,2024-25,00,1610612758,SAC,30.0,32,32,1170,262,513,0.511,103,231,0.446,90,103,0.874,10,103,113,121,19,2,87,57,717,SG,77,82
203897,Zach LaVine,2024-25,00,0,TOT,30.0,74,74,2603,625,1223,0.511,239,536,0.446,235,285,0.825,22,293,315,310,58,12,208,121,1724,SG,77,82
1629111,Jock Landale,2024-25,00,1610612745,HOU,29.0,42,3,500,81,152,0.533,11,26,0.423,27,40,0.675,56,81,137,37,13,10,21,49,200,C,83,86
1627747,Caris LeVert,2024-25,00,1610612739,CLE,30.0,38,3,904,135,298,0.453,60,148,0.405,58,83,0.699,22,85,107,140,33,19,51,48,388,SF,78,82
1627747,Caris LeVert,2024-25,00,1610612737,ATL,30.0,26,0,692,145,301,0.482,46,136,0.338,52,72,0.722,19,77,96,75,24,14,25,51,388,SF,78,82
1627747,Caris LeVert,2024-25,00,0,TOT,30.0,64,3,1596,280,599,0.467,106,284,0.373,110,155,0.71,41,162,203,215,57,33,76,99,776,SF,78,82
203458,Alex Len,2024-25,00,1610612758,SAC,32.0,36,3,258,22,41,0.537,1,6,0.167,7,13,0.538,25,39,64,30,8,18,11,35,52,C,84,87
203458,Alex Len,2024-25,00,1610612747,LAL,32.0,10,4,122,10,22,0.455,1,3,0.333,1,4,0.25,13,18,31,8,1,3,9,21,22,C,84,87
203458,Alex Len,2024-25,00,0,TOT,32.0,46,7,380,32,63,0.508,2,9,0.222,8,17,0.471,38,57,95,38,9,21,20,56,74,C,84,87
202695,Kawhi Leonard,2024-25,00,1610612746,LAC,34.0,37,37,1180,310,623,0.498,78,190,0.411,98,121,0.81,35,184,219,116,59,17,72,56,796,SF,78,87
1641721,Maxwell Lewis,2024-25,00,1610612747,LAL,22.0,7,0,29,2,6,0.333,0,0,0.0,0,0,0.0,2,0,2,2,1,0,2,1,4,SG,78,84
1641721,Maxwell Lewis,2024-25,00,1610612751,BKN,22.0,21,1,298,43,102,0.422,19,50,0.38,7,10,0.7,16,37,53,17,8,7,12,28,112,SG,78,84
1641721,Maxwell Lewis,2024-25,00,0,TOT,22.0,28,1,328,45,108,0.417,19,50,0.38,7,10,0.7,18,37,55,19,9,7,14,29,116,SG,78,84
1630604,E.J. Liddell,2024-25,00,1610612741,CHI,24.0,12,0,53,8,15,0.533,3,10,0.3,2,2,1.0,3,6,9,3,1,1,2,11,21,PF,78,83
203081,Damian Lillard,2024-25,00,1610612749,MIL,34.0,58,58,2093,444,992,0.448,197,524,0.376,362,393,0.921,29,243,272,410,70,10,162,97,1447,PG,74,80
1641726,Dereck Lively II,2024-25,00,1610612742,DAL,21.0,36,29,833,134,191,0.702,0,0,0.0,46,73,0.63,104,166,270,85,20,56,41,100,314,C,85,91
1626172,Kevon Looney,2024-25,00,1610612744,GSW,29.0,76,6,1142,143,278,0.514,2,5,0.4,56,99,0.566,185,277,462,118,46,37,39,154,344,C,80,87
201572,Brook Lopez,2024-25,00,1610612749,MIL,37.0,80,80,2546,394,774,0.509,139,373,0.373,114,138,0.826,113,288,401,143,50,148,84,171,1041,C,83,89
201567,Kevin Love,2024-25,00,1610612748,MIA,36.0,23,9,251,41,115,0.357,24,67,0.358,16,23,0.696,22,72,94,22,15,4,14,21,122,PF,80,83
200768,Kyle Lowry,2024-25,00,1610612755,PHI,39.0,35,12,659,41,117,0.35,29,88,0.33,27,33,0.818,11,56,67,96,33,11,21,62,138,PG,72,74
1626168,Trey Lyles,2024-25,00,1610612758,SAC,29.0,69,5,1350,157,374,0.42,81,238,0.34,56,80,0.7,80,236,316,82,41,23,39,86,451,PF,81,85
1630572,Sandro Mamukelashvili,2024-25,00,1610612759,SAS,26.0,61,0,681,141,281,0.502,60,161,0.373,43,58,0.741,62,125,187,48,22,17,26,60,385,PF,81,85
1629611,Terance Mann,2024-25,00,1610612746,LAC,28.0,37,12,732,87,195,0.446,26,75,0.347,23,32,0.719,32,75,107,59,28,11,25,68,223,SF,77,80
1629611,Terance Mann,2024-25,00,1610612737,ATL,28.0,30,1,682,118,218,0.541,34,88,0.386,24,36,0.667,36,56,92,62,19,4,22,60,294,SF,77,80
1629611,Terance Mann,2024-25,00,0,TOT,28.0,67,13,1414,205,413,0.496,60,163,0.368,47,68,0.691,68,131,199,121,47,15,47,128,517,SF,77,80
1630544,Tre Mann,2024-25,00,1610612766,CHA,24.0,13,0,319,70,161,0.435,24,60,0.4,19,21,0.905,12,26,38,39,7,4,25,24,183,PG,75,76
1628374,Lauri Markkanen,2024-25,00,1610612762,UTA,28.0,47,47,1476,296,700,0.423,138,399,0.346,162,185,0.876,72,206,278,70,33,17,66,79,892,PF,83,83
1630230,Naji Marshall,2024-25,00,1610612742,DAL,27.0,69,31,1919,362,712,0.508,60,218,0.275,130,160,0.813,76,252,328,208,70,11,112,109,914,SF,78,84
1628997,Caleb Martin,2024-25,00,1610612755,PHI,29.0,31,24,943,101,232,0.435,33,87,0.379,46,74,0.622,43,93,136,69,34,20,43,63,281,SF,76,82
1628997,Caleb Martin,2024-25,00,1610612742,DAL,29.0,14,0,275,28,72,0.389,4,16,0.25,15,24,0.625,10,31,41,26,12,3,13,24,75,SF,76,82
1628997,Caleb Martin,2024-25,00,0,TOT,29.0,45,24,1218,129,304,0.424,37,103,0.359,61,98,0.622,53,124,177,95,46,23,56,87,356,SF,76,82
1628998,Cody Martin,2024-25,00,1610612766,CHA,29.0,39,8,967,116,268,0.433,40,124,0.323,34,49,0.694,40,136,176,89,43,26,42,72,306,SF,77,82
1628998,Cody Martin,2024-25,00,1610612756,PHX,29.0,14,0,206,20,57,0.351,3,27,0.111,9,12,0.75,13,35,48,16,13,6,9,23,52,SF,77,82
1628998,Cody Martin,2024-25,00,0,TOT,29.0,53,8,1173,136,325,0.418,43,151,0.285,43,61,0.705,53,171,224,105,56,32,51,95,358,SF,77,82
1630231,KJ Martin,2024-25,00,1610612755,PHI,24.0,24,7,480,61,99,0.616,8,21,0.381,24,29,0.828,21,51,72,19,11,16,12,62,154,SF,78,79
1630231,KJ Martin,2024-25,00,1610612762,UTA,24.0,19,9,432,50,102,0.49,7,37,0.189,13,18,0.722,9,44,53,29,6,6,12,39,120,SF,78,79
1630231,KJ Martin,2024-25,00,0,TOT,24.0,43,16,912,111,201,0.552,15,58,0.259,37,47,0.787,30,95,125,48,17,22,24,101,274,SF,78,79
1631097,Bennedict Mathurin,2024-25,00,1610612754,IND,23.0,72,49,2149,391,853,0.458,98,288,0.34,276,332,0.831,87,296,383,136,47,24,135,162,1156,SF,77,81
1630178,Tyrese Maxey,2024-25,00,1610612755,PHI,24.0,52,52,1960,477,1091,0.437,161,478,0.337,254,289,0.879,15,159,174,317,91,21,124,116,1369,PG,74,79
1630540,Miles McBride,2024-25,00,1610612752,NYK,24.0,64,10,1593,222,547,0.406,115,312,0.369,52,64,0.813,47,114,161,187,67,17,41,108,611,PG,73,80
1642272,Jared McCain,2024-25,00,1610612755,PHI,21.0,23,8,592,126,274,0.46,51,133,0.383,49,56,0.875,13,43,56,60,15,0,37,37,352,SG,74,75
203468,CJ McCollum,2024-25,00,1610612740,NOP,33.0,56,56,1832,444,1000,0.444,171,459,0.373,124,173,0.717,42,170,212,227,46,24,106,124,1183,SG,74,78
204456,T.J. McConnell,2024-25,00,1610612754,IND,33.0,79,1,1415,324,624,0.519,15,49,0.306,57,77,0.74,44,149,193,351,83,21,109,79,720,PG,72,74
1641755,Kevin McCullar Jr.,2024-25,00,1610612752,NYK,24.0,4,0,29,2,7,0.286,0,1,0.0,2,2,1.0,0,8,8,2,1,1,0,6,6,SF,77,81
1630183,Jaden McDaniels,2024-25,00,1610612750,MIN,24.0,82,82,2614,398,834,0.477,100,303,0.33,104,128,0.813,129,341,470,163,110,74,95,225,1000,SF,78,80
1629667,Jalen McDaniels,2024-25,00,1610612764,WAS,27.0,4,0,7,0,0,0.0,0,0,0.0,0,0,0.0,0,0,0,1,1,0,0,0,0,PF,80,82
203926,Doug McDermott,2024-25,00,1610612758,SAC,33.0,42,3,342,50,117,0.427,44,101,0.436,3,5,0.6,3,19,22,7,4,2,6,30,147,SF,78,81
1631121,Bryce McGowens,2024-25,00,1610612757,POR,22.0,13,0,32,4,14,0.286,0,4,0.0,5,6,0.833,2,1,3,2,1,0,4,3,13,SG,76,80
1629162,Jordan McLaughlin,2024-25,00,1610612758,SAC,29.0,28,0,190,16,44,0.364,10,26,0.385,11,16,0.688,4,17,21,24,11,0,11,13,53,PG,71,76
1629162,Jordan McLaughlin,2024-25,00,1610612759,SAS,29.0,18,0,124,15,28,0.536,9,20,0.45,6,6,1.0,2,7,9,27,5,1,5,5,45,PG,71,76
1629162,Jordan McLaughlin,2024-25,00,0,TOT,29.0,46,0,314,31,72,0.431,19,46,0.413,17,22,0.773,6,24,30,51,16,1,16,18,98,PG,71,76
1629001,De'Anthony Melton,2024-25,00,1610612744,GSW,27.0,6,2,121,22,54,0.407,13,35,0.371,5,8,0.625,6,14,20,17,7,2,10,18,62,SG,74,80
1630241,Sam Merrill,2024-25,00,1610612739,CLE,29.0,71,4,1401,172,424,0.406,137,368,0.372,28,29,0.966,38,119,157,108,53,14,35,124,509,SG,76,78
203995,Vasilije Micić,2024-25,00,1610612766,CHA,31.0,36,16,764,95,273,0.348,45,125,0.36,34,41,0.829,20,67,87,127,15,0,74,44,269,PG,76,79
203995,Vasilije Micić,2024-25,00,1610612756,PHX,31.0,5,0,21,0,0,0.0,0,0,0.0,0,0,0.0,0,2,2,1,0,0,3,1,0,PG,76,79
203995,Vasilije Micić,2024-25,00,0,TOT,31.0,41,16,785,95,273,0.348,45,125,0.36,34,41,0.829,20,69,89,128,15,0,77,45,269,PG,76,79
203114,Khris Middleton,2024-25,00,1610612749,MIL,33.0,23,7,534,108,211,0.512,35,86,0.407,39,46,0.848,5,80,85,102,17,5,37,52,290,SF,79,82
203114,Khris Middleton,2024-25,00,1610612764,WAS,33.0,14,14,309,52,126,0.413,13,47,0.277,33,38,0.868,8,44,52,48,18,3,19,23,150,SF,79,82
203114,Khris Middleton,2024-25,00,0,TOT,33.0,37,21,843,160,337,0.475,48,133,0.361,72,84,0.857,13,124,137,150,35,8,56,75,440,SF,79,82
1641706,Brandon Miller,2024-25,00,1610612766,CHA,22.0,27,27,924,198,491,0.403,104,293,0.355,68,79,0.861,25,106,131,98,29,20,76,74,568,SF,81,84
1641757,Jordan Miller,2024-25,00,1610612746,LAC,25.0,37,0,420,58,134,0.433,8,38,0.211,28,35,0.8,23,35,58,34,17,5,26,26,152,SF,77,83
1631159,Leonard Miller,2024-25,00,1610612750,MIN,21.0,13,0,32,6,15,0.4,0,5,0.0,8,8,1.0,3,8,11,0,2,1,2,2,20,PF,81,86
201988,Patty Mills,2024-25,00,1610612762,UTA,36.0,17,0,260,26,76,0.342,17,57,0.298,5,5,1.0,3,18,21,21,12,3,16,12,74,PG,71,74
201988,Patty Mills,2024-25,00,1610612746,LAC,36.0,12,0,61,10,20,0.5,9,18,0.5,8,9,0.889,1,0,1,5,1,0,1,12,37,PG,71,74
201988,Patty Mills,2024-25,00,0,TOT,36.0,29,0,321,36,96,0.375,26,75,0.347,13,14,0.929,4,18,22,26,13,3,17,24,111,PG,71,74
1629003,Shake Milton,2024-25,00,1610612751,BKN,28.0,27,1,492,73,157,0.465,28,72,0.389,25,33,0.758,16,35,51,64,15,1,20,43,199,SG,76,84
1629003,Shake Milton,2024-25,00,1610612747,LAL,28.0,30,1,345,42,97,0.433,10,34,0.294,22,26,0.846,15,38,53,38,10,3,20,24,116,SG,76,84
1629003,Shake Milton,2024-25,00,0,TOT,28.0,57,2,836,115,254,0.453,38,106,0.358,47,59,0.797,31,73,104,102,25,4,40,67,315,SG,76,84
1631169,Josh Minott,2024-25,00,1610612750,MIN,22.0,46,0,276,44,90,0.489,14,43,0.326,17,19,0.895,12,35,47,18,15,12,11,34,119,PF,80,84
1642274,Yves Missi,2024-25,00,1610612740,NOP,21.0,73,67,1956,269,492,0.547,0,1,0.0,127,204,0.623,255,346,601,99,37,98,82,145,665,C,83,86
1642349,Ajay Mitchell,2024-25,00,1610612760,OKC,23.0,36,1,597,91,184,0.495,23,60,0.383,29,35,0.829,18,50,68,64,25,4,29,68,234,SG,75,78
1630558,Davion Mitchell,2024-25,00,1610612761,TOR,26.0,44,22,1080,106,244,0.434,42,117,0.359,25,37,0.676,16,69,85,203,31,8,78,116,279,PG,72,76
1630558,Davion Mitchell,2024-25,00,1610612748,MIA,26.0,30,15,947,117,232,0.504,42,94,0.447,33,47,0.702,19,63,82,160,41,8,50,69,309,PG,72,76
1630558,Davion Mitchell,2024-25,00,0,TOT,26.0,74,37,2027,223,476,0.468,84,211,0.398,58,84,0.69,35,132,167,363,72,16,128,185,588,PG,72,76
1628378,Donovan Mitchell,2024-25,00,1610612739,CLE,28.0,71,71,2232,585,1320,0.443,233,633,0.368,298,362,0.823,57,265,322,354,95,17,149,140,1701,SG,73,82
1630596,Evan Mobley,2024-25,00,1610612739,CLE,24.0,71,71,2167,505,906,0.557,85,230,0.37,221,305,0.725,164,495,659,226,61,113,145,141,1316,PF,83,88
1642367,Jonathan Mogbo,2024-25,00,1610612761,TOR,23.0,63,18,1286,156,356,0.438,17,70,0.243,60,82,0.732,109,202,311,146,55,34,70,136,389,PF,78,86
1628370,Malik Monk,2024-25,00,1610612758,SAC,27.0,65,45,2054,412,939,0.439,139,428,0.325,154,178,0.865,30,215,245,362,61,38,159,158,1117,SG,74,77
1630541,Moses Moody,2024-25,00,1610612744,GSW,23.0,74,34,1649,246,568,0.433,126,337,0.374,106,133,0.797,52,137,189,96,59,31,54,116,724,SG,76,84
1631111,Wendell Moore Jr.,2024-25,00,1610612765,DET,23.0,20,1,219,23,50,0.46,4,14,0.286,13,14,0.929,11,33,44,23,10,3,9,15,63,SG,76,84
1631111,Wendell Moore Jr.,2024-25,00,1610612766,CHA,23.0,16,0,280,36,76,0.474,10,27,0.37,5,8,0.625,19,32,51,19,10,2,18,16,87,SG,76,84
1631111,Wendell Moore Jr.,2024-25,00,0,TOT,23.0,36,1,499,59,126,0.468,14,41,0.341,18,22,0.818,30,65,95,42,20,5,27,31,150,SG,76,84
1629630,Ja Morant,2024-25,00,1610612763,MEM,25.0,50,50,1519,404,889,0.454,88,285,0.309,263,319,0.824,34,171,205,364,61,12,185,113,1159,PG,75,78
202693,Markieff Morris,2024-25,00,1610612742,DAL,35.0,7,0,41,5,22,0.227,2,13,0.154,0,0,0.0,0,8,8,4,1,1,2,2,12,C,82,85
202693,Markieff Morris,2024-25,00,1610612747,LAL,35.0,8,2,124,16,48,0.333,7,23,0.304,5,6,0.833,3,12,15,17,1,2,3,14,44,C,82,85
202693,Markieff Morris,2024-25,00,0,TOT,35.0,15,2,164,21,70,0.3,9,36,0.25,5,6,0.833,3,20,23,21,2,3,5,16,56,C,82,85
1628420,Monté Morris,2024-25,00,1610612756,PHX,30.0,45,0,571,83,195,0.426,31,86,0.36,36,42,0.857,12,55,67,73,20,3,21,23,233,PG,73,76
1630530,Trey Murphy III,2024-25,00,1610612740,NOP,25.0,53,51,1854,381,839,0.454,158,438,0.361,204,230,0.887,47,221,268,188,56,39,103,112,1124,SF,80,84
1627749,Dejounte Murray,2024-25,00,1610612740,NOP,28.0,31,31,1012,194,494,0.393,52,174,0.299,102,124,0.823,17,183,200,228,63,12,106,61,542,PG,76,82
1627750,Jamal Murray,2024-25,00,1610612743,DEN,28.0,67,67,2418,531,1121,0.474,156,397,0.393,218,246,0.886,45,216,261,403,91,33,138,128,1436,PG,76,80
1631099,Keegan Murray,2024-25,00,1610612758,SAC,24.0,76,76,2610,364,820,0.444,154,449,0.343,60,72,0.833,146,361,507,109,61,69,60,186,942,PF,80,83
1631200,Kris Murray,2024-25,00,1610612757,POR,24.0,69,6,1040,117,279,0.419,27,120,0.225,26,57,0.456,76,106,182,68,35,17,43,66,287,PF,80,84
1629004,Svi Mykhailiuk,2024-25,00,1610612762,UTA,28.0,38,13,760,118,302,0.391,70,203,0.345,28,35,0.8,22,68,90,76,19,7,52,43,334,SG,78,"77"""
1626204,Larry Nance Jr.,2024-25,00,1610612737,ATL,32.0,24,3,463,80,155,0.516,34,76,0.447,9,13,0.692,23,80,103,38,20,13,16,37,203,C,80,85
1629614,Andrew Nembhard,2024-25,00,1610612754,IND,25.0,65,65,1881,247,539,0.458,51,175,0.291,108,136,0.794,34,182,216,326,79,11,112,149,653,PG,75,78
1630174,Aaron Nesmith,2024-25,00,1610612754,IND,25.0,45,37,1122,192,379,0.507,84,195,0.431,73,80,0.912,37,141,178,54,35,17,37,114,541,SF,77,82
1627777,Georges Niang,2024-25,00,1610612739,CLE,32.0,51,1,1053,166,348,0.477,90,225,0.4,23,29,0.793,34,155,189,67,17,7,48,129,445,PF,79,82
1627777,Georges Niang,2024-25,00,1610612737,ATL,32.0,28,2,644,120,272,0.441,76,184,0.413,23,29,0.793,13,70,83,44,11,7,34,72,339,PF,79,82
1627777,Georges Niang,2024-25,00,0,TOT,32.0,79,3,1697,286,620,0.461,166,409,0.406,46,58,0.793,47,225,272,111,28,14,82,201,784,PF,79,82
1630192,Zeke Nnaji,2024-25,00,1610612743,DEN,24.0,57,4,608,70,141,0.496,17,52,0.327,27,44,0.614,33,57,90,23,25,38,14,62,184,PF,81,86
203994,Jusuf Nurkić,2024-25,00,1610612756,PHX,30.0,25,23,592,74,163,0.454,19,59,0.322,48,69,0.696,46,183,229,47,23,16,57,78,215,C,83,86
203994,Jusuf Nurkić,2024-25,00,1610612766,CHA,30.0,26,9,471,94,189,0.497,13,46,0.283,37,59,0.627,39,130,169,68,17,18,40,52,238,C,83,86
203994,Jusuf Nurkić,2024-25,00,0,TOT,30.0,51,32,1063,168,352,0.477,32,105,0.305,85,128,0.664,85,313,398,115,40,34,97,130,453,C,83,86
1626220,Royce O'Neale,2024-25,00,1610612756,PHX,32.0,75,22,1837,241,570,0.423,179,441,0.406,19,26,0.731,53,296,349,163,67,33,65,151,680,SF,76,81
1629643,Chuma Okeke,2024-25,00,1610612755,PHI,26.0,7,3,171,18,33,0.545,10,22,0.455,2,3,0.667,20,23,43,13,5,3,3,5,48,PF,79,82
1629643,Chuma Okeke,2024-25,00,1610612739,CLE,26.0,2,0,25,2,7,0.286,1,6,0.167,0,0,0.0,1,3,4,2,0,1,0,0,5,PF,79,82
1629643,Chuma Okeke,2024-25,00,0,TOT,26.0,9,3,197,20,40,0.5,11,28,0.393,2,3,0.667,21,26,47,15,5,4,3,5,53,PF,79,82
1629006,Josh Okogie,2024-25,00,1610612756,PHX,26.0,25,1,351,56,114,0.491,16,42,0.381,22,32,0.688,32,40,72,14,21,11,16,28,150,SF,75,84
1629006,Josh Okogie,2024-25,00,1610612766,CHA,26.0,15,6,274,38,98,0.388,16,50,0.32,41,53,0.774,13,28,41,19,27,8,15,19,133,SF,75,84
1629006,Josh Okogie,2024-25,00,0,TOT,26.0,40,7,625,94,212,0.443,32,92,0.348,63,85,0.741,45,68,113,33,48,19,31,47,283,SF,75,84
1630168,Onyeka Okongwu,2024-25,00,1610612737,ATL,24.0,74,40,2064,388,684,0.567,48,148,0.324,164,216,0.759,220,440,660,168,69,68,90,193,988,C,80,86
1630171,Isaac Okoro,2024-25,00,1610612739,CLE,24.0,55,22,1053,124,267,0.464,56,151,0.371,33,46,0.717,49,81,130,68,32,16,23,104,337,SF,77,81
203482,Kelly Olynyk,2024-25,00,1610612761,TOR,34.0,24,2,383,59,118,0.5,19,43,0.442,34,43,0.791,25,64,89,56,16,8,35,59,171,C,83,82
203482,Kelly Olynyk,2024-25,00,1610612740,NOP,34.0,20,20,508,75,150,0.5,14,36,0.389,49,65,0.754,37,80,117,72,17,11,41,64,213,C,83,82
203482,Kelly Olynyk,2024-25,00,0,TOT,34.0,44,22,891,134,268,0.5,33,79,0.418,83,108,0.769,62,144,206,128,33,19,76,123,384,C,83,82
1626162,Kelly Oubre Jr.,2024-25,00,1610612755,PHI,29.0,60,57,2078,348,741,0.47,71,242,0.293,139,185,0.751,97,271,368,108,92,30,80,180,906,SF,78,86
101108,Chris Paul,2024-25,00,1610612759,SAS,40.0,82,82,2292,249,583,0.427,140,371,0.377,85,92,0.924,33,263,296,605,103,22,129,151,723,PG,73,76
1626166,Cameron Payne,2024-25,00,1610612752,NYK,30.0,72,5,1090,179,446,0.401,93,256,0.363,49,54,0.907,14,90,104,203,39,16,52,111,500,PG,73,80
1627780,Gary Payton II,2024-25,00,1610612744,GSW,32.0,62,11,927,171,298,0.574,31,95,0.326,27,38,0.711,53,132,185,83,52,17,39,108,400,SG,74,80
1641763,Julian Phillips,2024-25,00,1610612741,CHI,21.0,79,5,1123,128,287,0.446,50,153,0.327,60,76,0.789,67,102,169,39,38,20,27,108,366,SF,79,83
1629618,Jalen Pickett,2024-25,00,1610612743,DEN,25.0,49,4,666,77,180,0.428,40,101,0.396,6,8,0.75,15,56,71,107,19,5,24,38,200,PG,74,79
203486,Mason Plumlee,2024-25,00,1610612756,PHX,35.0,74,21,1300,125,202,0.619,0,4,0.0,83,128,0.648,116,339,455,134,33,47,59,154,333,C,83,83
1641764,Brandin Podziemski,2024-25,00,1610612744,GSW,22.0,64,33,1716,280,629,0.445,115,309,0.372,72,95,0.758,65,260,325,220,69,13,75,95,747,SG,76,78
1627751,Jakob Poeltl,2024-25,00,1610612761,TOR,29.0,57,56,1686,363,579,0.627,1,3,0.333,97,144,0.674,189,358,547,158,66,71,111,176,824,C,84,87
1629673,Jordan Poole,2024-25,00,1610612764,WAS,26.0,68,68,2001,457,1057,0.432,235,622,0.378,242,274,0.883,31,172,203,303,86,27,204,201,1391,SG,76,80
1641854,Craig Porter Jr.,2024-25,00,1610612739,CLE,25.0,51,1,513,72,140,0.514,21,48,0.438,23,32,0.719,19,48,67,71,17,15,38,25,188,PG,73,76
1629008,Michael Porter Jr.,2024-25,00,1610612743,DEN,27.0,77,77,2593,528,1048,0.504,193,489,0.395,149,194,0.768,138,402,540,165,50,38,104,157,1398,PF,82,84
1626171,Bobby Portis,2024-25,00,1610612749,MIL,30.0,49,7,1244,277,595,0.466,65,178,0.365,61,73,0.836,90,321,411,104,35,26,57,94,680,PF,81,86
204001,Kristaps Porziņģis,2024-25,00,1610612738,BOS,29.0,42,42,1210,277,574,0.483,103,250,0.412,161,199,0.809,68,216,284,87,31,63,53,116,818,C,86,90
203939,Dwight Powell,2024-25,00,1610612742,DAL,33.0,55,3,551,42,61,0.689,2,5,0.4,28,43,0.651,47,71,118,55,18,21,18,75,114,C,81,84
1626181,Norman Powell,2024-25,00,1610612746,LAC,32.0,60,60,1958,457,945,0.484,179,428,0.418,213,265,0.804,21,169,190,125,73,9,108,114,1306,SG,75,82
1627752,Taurean Prince,2024-25,00,1610612749,MIL,31.0,80,73,2166,235,514,0.457,147,335,0.439,39,48,0.813,34,253,287,155,76,15,82,165,656,SF,78,81
1630202,Payton Pritchard,2024-25,00,1610612738,BOS,27.0,80,3,2271,409,866,0.472,255,626,0.407,71,84,0.845,102,205,307,279,70,14,83,118,1144,PG,73,76
1641765,Olivier-Maxence Prosper,2024-25,00,1610612742,DAL,22.0,52,4,584,70,174,0.402,12,51,0.235,49,76,0.645,44,82,126,40,26,6,14,28,201,PF,79,85
1629674,Neemias Queta,2024-25,00,1610612738,BOS,25.0,62,6,863,132,203,0.65,0,3,0.0,46,61,0.754,89,147,236,45,18,42,40,106,310,C,83,88
1630193,Immanuel Quickley,2024-25,00,1610612761,TOR,26.0,33,33,918,184,438,0.42,85,225,0.378,111,128,0.867,16,101,117,191,23,4,58,61,564,PG,74,80
203944,Julius Randle,2024-25,00,1610612750,MIN,30.0,69,69,2226,455,939,0.485,108,314,0.344,270,335,0.806,144,343,487,323,47,16,196,175,1288,PF,80,84
1641871,Duop Reath,2024-25,00,1610612757,POR,29.0,46,0,469,70,166,0.422,34,106,0.321,20,22,0.909,44,48,92,26,12,14,16,41,194,C,81,85
1630559,Austin Reaves,2024-25,00,1610612747,LAL,27.0,73,73,2550,477,1037,0.46,200,531,0.377,321,366,0.877,61,268,329,421,81,22,177,151,1475,SG,77,79
1629629,Cam Reddish,2024-25,00,1610612747,LAL,25.0,33,8,589,38,94,0.404,13,47,0.277,16,26,0.615,17,49,66,22,33,10,12,43,105,SF,79,84
1630194,Paul Reed,2024-25,00,1610612765,DET,26.0,45,0,438,72,142,0.507,8,28,0.286,32,42,0.762,40,83,123,44,39,25,26,75,184,PF,81,85
1629675,Naz Reid,2024-25,00,1610612750,MIN,25.0,80,17,2200,426,923,0.462,175,462,0.379,111,143,0.776,92,388,480,181,58,72,108,189,1138,C,81,87
1630208,Nick Richards,2024-25,00,1610612766,CHA,27.0,21,9,440,64,114,0.561,0,1,0.0,59,87,0.678,51,107,158,28,7,26,33,48,187,C,82,86
1630208,Nick Richards,2024-25,00,1610612756,PHX,27.0,36,34,816,141,233,0.605,0,1,0.0,60,73,0.822,97,211,308,21,7,29,48,93,342,C,82,86
1630208,Nick Richards,2024-25,00,0,TOT,27.0,57,43,1256,205,347,0.591,0,2,0.0,119,160,0.744,148,318,466,49,14,55,81,141,529,C,82,86
1626196,Josh Richardson,2024-25,00,1610612748,MIA,31.0,8,0,149,11,38,0.289,6,22,0.273,4,4,1.0,6,6,12,12,8,1,8,17,32,SF,77,82
1642258,Zaccharie Risacher,2024-25,00,1610612737,ATL,20.0,75,73,1843,357,779,0.458,122,344,0.355,106,149,0.711,86,182,268,92,52,37,92,149,942,SF,80,82
1631115,Orlando Robinson,2024-25,00,1610612758,SAC,24.0,9,0,57,7,17,0.412,1,5,0.2,4,7,0.571,3,11,14,9,3,1,4,6,19,C,82,88
1631115,Orlando Robinson,2024-25,00,1610612761,TOR,24.0,35,8,713,109,244,0.447,16,47,0.34,50,63,0.794,86,120,206,68,14,15,45,94,284,C,82,88
1631115,Orlando Robinson,2024-25,00,0,TOT,24.0,44,8,770,116,261,0.444,17,52,0.327,54,70,0.771,89,131,220,77,17,16,49,100,303,C,82,88
1630526,Jeremiah Robinson-Earl,2024-25,00,1610612740,NOP,24.0,66,9,1239,158,347,0.455,56,164,0.341,46,55,0.836,110,205,315,88,39,7,51,79,418,PF,80,82
1631223,David Roddy,2024-25,00,1610612737,ATL,24.0,27,3,346,44,93,0.473,16,43,0.372,18,22,0.818,11,59,70,30,12,8,20,18,122,PF,77,83
1631223,David Roddy,2024-25,00,1610612755,PHI,24.0,3,0,29,8,19,0.421,2,11,0.182,0,0,0.0,2,7,9,3,2,0,1,1,18,PF,77,83
1631223,David Roddy,2024-25,00,1610612745,HOU,24.0,3,0,35,5,13,0.385,1,7,0.143,2,4,0.5,0,5,5,2,0,1,1,1,13,PF,77,83
1631223,David Roddy,2024-25,00,0,TOT,24.0,33,3,410,57,125,0.456,19,61,0.311,20,26,0.769,13,71,84,35,14,9,22,20,153,PF,77,83
1631157,Ryan Rollins,2024-25,00,1610612749,MIL,22.0,56,19,820,132,271,0.487,49,120,0.408,36,45,0.8,21,87,108,104,42,17,53,88,349,PG,74,82
1626179,Terry Rozier,2024-25,00,1610612748,MIA,31.0,64,23,1658,248,635,0.391,91,308,0.295,92,108,0.852,44,194,238,167,37,14,78,73,679,PG,73,80
1626156,D'Angelo Russell,2024-25,00,1610612747,LAL,29.0,29,10,763,129,311,0.415,56,168,0.333,45,53,0.849,8,72,80,136,23,4,50,53,359,PG,75,81
1626156,D'Angelo Russell,2024-25,00,1610612751,BKN,29.0,29,26,717,120,327,0.367,57,192,0.297,76,92,0.826,12,70,82,161,33,19,58,62,373,PG,75,81
1626156,D'Angelo Russell,2024-25,00,0,TOT,29.0,58,36,1480,249,638,0.39,113,360,0.314,121,145,0.834,20,142,162,297,56,23,108,115,732,PG,75,81
1627734,Domantas Sabonis,2024-25,00,1610612758,SAC,29.0,70,70,2429,527,893,0.59,65,156,0.417,218,289,0.754,267,705,972,423,48,26,202,229,1337,C,82,83
1642275,Tidjane Salaün,2024-25,00,1610612766,CHA,19.0,60,10,1244,114,345,0.33,58,205,0.283,67,94,0.713,70,210,280,74,29,14,58,84,353,PF,81,84
1642259,Alex Sarr,2024-25,00,1610612764,WAS,20.0,67,67,1814,326,828,0.394,105,341,0.308,112,165,0.679,124,311,435,161,44,101,114,146,869,PF,84,88
1631204,Marcus Sasser,2024-25,00,1610612765,DET,24.0,57,1,811,137,296,0.463,58,152,0.382,43,51,0.843,18,51,69,133,37,4,54,72,375,PG,73,79
1631248,Baylor Scheierman,2024-25,00,1610612738,BOS,24.0,31,2,384,39,110,0.355,26,82,0.317,9,12,0.75,19,46,65,33,17,2,12,22,113,SG,78,80
203471,Dennis Schröder,2024-25,00,1610612751,BKN,31.0,23,23,772,147,325,0.452,58,150,0.387,72,81,0.889,4,64,68,152,26,4,59,56,424,PG,73,80
203471,Dennis Schröder,2024-25,00,1610612744,GSW,31.0,24,18,628,94,251,0.375,37,115,0.322,29,39,0.744,10,46,56,105,25,3,48,67,254,PG,73,80
203471,Dennis Schröder,2024-25,00,1610612765,DET,31.0,28,8,705,95,251,0.378,32,106,0.302,80,96,0.833,13,61,74,147,15,5,35,57,302,PG,73,80
203471,Dennis Schröder,2024-25,00,0,TOT,31.0,75,49,2105,336,827,0.406,127,371,0.342,181,216,0.838,27,171,198,404,66,12,142,180,980,PG,73,80
1630578,Alperen Sengun,2024-25,00,1610612745,HOU,22.0,76,76,2395,567,1143,0.496,21,90,0.233,296,428,0.692,262,524,786,372,84,61,194,209,1451,C,82,84
1641729,Brice Sensabaugh,2024-25,00,1610612762,UTA,21.0,71,15,1432,275,599,0.459,157,372,0.422,65,73,0.89,42,168,210,110,46,8,107,111,772,SF,78,83
1629012,Collin Sexton,2024-25,00,1610612762,UTA,26.0,63,61,1758,416,867,0.48,110,271,0.406,217,251,0.865,60,111,171,264,47,6,160,144,1159,PG,73,79
1629013,Landry Shamet,2024-25,00,1610612752,NYK,28.0,50,0,762,106,230,0.461,62,156,0.397,12,18,0.667,11,50,61,27,23,2,22,52,286,SG,76,79
1630545,Terrence Shannon Jr.,2024-25,00,1610612750,MIN,24.0,32,1,339,55,114,0.482,11,31,0.355,17,21,0.81,10,37,47,32,7,5,15,27,138,SG,78,81
1630549,Day'Ron Sharpe,2024-25,00,1610612751,BKN,23.0,50,2,907,165,317,0.521,11,45,0.244,56,74,0.757,149,181,330,91,41,42,63,113,397,C,81,84
1631101,Shaedon Sharpe,2024-25,00,1610612757,POR,22.0,72,52,2252,499,1104,0.452,147,472,0.311,190,242,0.785,68,256,324,198,62,16,150,120,1335,SG,76,83
1642347,Jamal Shead,2024-25,00,1610612761,TOR,22.0,75,11,1467,204,504,0.405,72,223,0.323,53,69,0.768,30,85,115,316,58,10,117,158,533,PG,72,75
1641767,Ben Sheppard,2024-25,00,1610612754,IND,23.0,63,9,1230,120,287,0.418,68,199,0.342,24,27,0.889,44,133,177,85,38,14,22,125,332,SG,77,80
1642263,Reed Sheppard,2024-25,00,1610612745,HOU,21.0,52,3,654,84,239,0.351,48,142,0.338,13,16,0.813,16,62,78,75,35,17,37,53,229,PG,74,75
1627783,Pascal Siakam,2024-25,00,1610612754,IND,31.0,78,78,2548,613,1182,0.519,126,324,0.389,226,308,0.734,133,407,540,263,70,42,109,189,1578,PF,80,87
1627732,Ben Simmons,2024-25,00,1610612751,BKN,28.0,33,24,825,93,170,0.547,0,0,0.0,18,26,0.692,30,142,172,229,26,16,88,81,204,PF,81,84
1627732,Ben Simmons,2024-25,00,1610612746,LAC,28.0,18,0,295,23,53,0.434,0,0,0.0,6,7,0.857,17,52,69,56,12,7,14,26,52,PF,81,84
1627732,Ben Simmons,2024-25,00,0,TOT,28.0,51,24,1120,116,223,0.52,0,0,0.0,24,33,0.727,47,194,241,285,38,23,102,107,256,PF,81,84
1629014,Anfernee Simons,2024-25,00,1610612757,POR,26.0,70,70,2292,479,1125,0.426,215,593,0.363,175,194,0.902,25,164,189,337,60,5,143,117,1348,PG,74,81
1630579,Jericho Sims,2024-25,00,1610612752,NYK,26.0,39,5,422,28,46,0.609,0,0,0.0,8,13,0.615,51,78,129,22,8,10,21,46,64,C,82,87
1630579,Jericho Sims,2024-25,00,1610612749,MIL,26.0,14,0,210,17,25,0.68,0,0,0.0,0,0,0.0,20,48,68,11,2,9,12,19,34,C,82,87
1630579,Jericho Sims,2024-25,00,0,TOT,26.0,53,5,631,45,71,0.634,0,0,0.0,8,13,0.615,71,126,197,33,10,19,33,65,98,C,82,87
203935,Marcus Smart,2024-25,00,1610612763,MEM,31.0,19,6,400,53,148,0.358,29,90,0.322,30,36,0.833,14,29,43,71,23,6,35,31,165,PG,74,81
203935,Marcus Smart,2024-25,00,1610612764,WAS,31.0,15,1,280,48,109,0.44,20,51,0.392,24,35,0.686,4,25,29,38,16,3,19,22,140,PG,74,81
203935,Marcus Smart,2024-25,00,0,TOT,31.0,34,7,680,101,257,0.393,49,141,0.348,54,71,0.761,18,54,72,109,39,9,54,53,305,PG,74,81
1630188,Jalen Smith,2024-25,00,1610612741,CHI,25.0,64,2,962,190,408,0.466,72,222,0.324,72,89,0.809,89,268,357,65,17,44,37,95,524,PF,81,86
1641890,Tyler Smith,2024-25,00,1610612749,MIL,20.0,23,0,122,24,50,0.48,13,30,0.433,6,8,0.75,6,19,25,4,3,4,8,11,67,PF,81,85
1631095,Jabari Smith Jr.,2024-25,00,1610612745,HOU,22.0,57,39,1716,248,566,0.438,98,277,0.354,104,126,0.825,105,294,399,60,25,41,61,123,698,PF,82,85
1641733,Nick Smith Jr.,2024-25,00,1610612766,CHA,21.0,60,27,1369,222,568,0.391,104,306,0.34,43,46,0.935,13,115,128,145,17,6,82,79,591,SG,77,80
1631110,Jeremy Sochan,2024-25,00,1610612759,SAS,22.0,54,23,1364,251,469,0.535,28,91,0.308,87,125,0.696,127,225,352,128,45,27,84,131,617,PF,80,84
1642285,Cam Spencer,2024-25,00,1610612763,MEM,25.0,25,1,252,34,82,0.415,19,52,0.365,19,19,1.0,12,18,30,34,9,1,6,23,106,SG,75,77
1630531,Jaden Springer,2024-25,00,1610612738,BOS,22.0,26,0,141,12,34,0.353,6,19,0.316,15,21,0.714,4,20,24,10,12,1,4,17,45,SG,75,80
1630531,Jaden Springer,2024-25,00,1610612762,UTA,22.0,17,2,224,23,56,0.411,6,29,0.207,12,17,0.706,13,21,34,23,12,3,12,25,64,SG,75,80
1630531,Jaden Springer,2024-25,00,0,TOT,22.0,43,2,365,35,90,0.389,12,48,0.25,27,38,0.711,17,41,58,33,24,4,16,42,109,SG,75,80
1630205,Lamar Stevens,2024-25,00,1610612763,MEM,27.0,17,1,156,29,63,0.46,8,27,0.296,8,11,0.727,4,34,38,8,5,3,10,15,74,SF,78,81
1630191,Isaiah Stewart,2024-25,00,1610612765,DET,24.0,72,4,1434,176,315,0.559,17,53,0.321,66,87,0.759,130,269,399,123,28,101,68,183,435,C,79,88
1631124,Julian Strawther,2024-25,00,1610612743,DEN,23.0,65,4,1384,210,486,0.432,94,269,0.349,74,90,0.822,17,125,142,83,39,16,57,151,588,SF,78,81
1629622,Max Strus,2024-25,00,1610612739,CLE,29.0,50,37,1273,165,373,0.442,113,293,0.386,28,34,0.824,53,164,217,158,26,12,54,104,471,SG,77,80
1630591,Jalen Suggs,2024-25,00,1610612753,ORL,24.0,35,35,1002,197,481,0.41,76,242,0.314,97,110,0.882,23,118,141,129,51,33,102,98,567,PG,75,77
1631306,Cole Swider,2024-25,00,1610612765,DET,25.0,2,0,13,0,5,0.0,0,5,0.0,0,0,0.0,0,2,2,1,0,0,0,1,0,PF,81,83
1631306,Cole Swider,2024-25,00,1610612761,TOR,25.0,8,0,156,22,58,0.379,15,42,0.357,0,1,0.0,5,20,25,2,4,2,4,11,59,PF,81,83
1631306,Cole Swider,2024-25,00,0,TOT,25.0,10,0,170,22,63,0.349,15,47,0.319,0,1,0.0,5,22,27,3,4,2,4,12,59,PF,81,83
1630256,Jae'Sean Tate,2024-25,00,1610612745,HOU,29.0,52,2,588,70,148,0.473,16,46,0.348,32,47,0.681,50,67,117,47,26,7,22,82,188,PF,76,80
1628369,Jayson Tatum,2024-25,00,1610612738,BOS,27.0,72,72,2624,662,1465,0.452,250,728,0.343,358,440,0.814,48,575,623,431,76,38,209,157,1932,SF,79,83
1630678,Terry Taylor,2024-25,00,1610612758,SAC,25.0,3,0,6,0,1,0.0,0,0,0.0,0,0,0.0,1,0,1,2,0,0,0,0,0,PF,77,83
1631207,Dalen Terry,2024-25,00,1610612741,CHI,22.0,73,5,987,120,268,0.448,37,104,0.356,49,69,0.71,38,86,124,97,44,15,53,114,326,SG,78,84
1630560,Cam Thomas,2024-25,00,1610612751,BKN,23.0,25,23,781,199,454,0.438,68,195,0.349,133,151,0.881,15,68,83,94,15,2,62,44,599,SG,75,78
1641708,Amen Thompson,2024-25,00,1610612745,HOU,22.0,69,42,2225,388,697,0.557,25,91,0.275,169,247,0.684,192,372,564,265,97,89,138,167,970,SF,78,84
1641709,Ausar Thompson,2024-25,00,1610612765,DET,22.0,59,48,1328,246,460,0.535,11,49,0.224,91,142,0.641,111,192,303,134,98,40,80,164,594,SF,78,84
202691,Klay Thompson,2024-25,00,1610612742,DAL,35.0,72,72,1965,361,877,0.412,216,553,0.391,67,74,0.905,44,202,246,145,50,30,88,81,1005,SG,78,81
1630550,JT Thor,2024-25,00,1610612739,CLE,22.0,9,0,43,9,15,0.6,3,6,0.5,7,8,0.875,3,3,6,1,2,3,6,6,28,PF,81,87
1630550,JT Thor,2024-25,00,1610612764,WAS,22.0,11,0,207,16,44,0.364,3,15,0.2,8,14,0.571,17,25,42,5,6,6,3,11,43,PF,81,87
1630550,JT Thor,2024-25,00,0,TOT,22.0,20,0,249,25,59,0.424,6,21,0.286,15,22,0.682,20,28,48,6,8,9,9,17,71,PF,81,87
1629680,Matisse Thybulle,2024-25,00,1610612757,POR,28.0,15,5,312,42,88,0.477,21,48,0.438,7,15,0.467,14,38,52,28,33,9,13,14,112,SF,77,83
1630214,Xavier Tillman,2024-25,00,1610612738,BOS,26.0,33,2,231,13,53,0.245,5,32,0.156,3,4,0.75,10,33,43,7,11,5,14,18,34,PF,80,86
1630167,Obi Toppin,2024-25,00,1610612754,IND,27.0,79,4,1545,317,599,0.529,110,301,0.365,89,114,0.781,56,262,318,128,46,28,68,108,833,PF,81,86
1626157,Karl-Anthony Towns,2024-25,00,1610612752,NYK,29.0,72,72,2517,639,1215,0.526,142,338,0.42,339,409,0.829,212,708,920,222,71,50,192,249,1759,C,83,87
1629018,Gary Trent Jr.,2024-25,00,1610612749,MIL,26.0,74,9,1893,283,657,0.431,180,433,0.416,78,92,0.848,20,148,168,87,72,4,42,124,824,SG,76,82
1631131,Oscar Tshiebwe,2024-25,00,1610612762,UTA,25.0,14,1,255,42,70,0.6,0,0,0.0,23,31,0.742,46,76,122,9,13,1,10,24,107,C,79,87
200782,P.J. Tucker,2024-25,00,1610612752,NYK,40.0,3,1,58,3,7,0.429,3,6,0.5,0,0,0.0,4,4,8,0,1,1,1,8,9,PF,77,83
1626167,Myles Turner,2024-25,00,1610612754,IND,29.0,72,72,2174,390,811,0.481,156,394,0.396,184,238,0.773,90,381,471,111,54,144,123,183,1120,C,82,88
1642281,Jaylon Tyson,2024-25,00,1610612739,CLE,22.0,47,3,453,64,149,0.43,20,58,0.345,19,24,0.792,37,59,96,44,13,3,26,50,167,SG,78,81
202685,Jonas Valančiūnas,2024-25,00,1610612764,WAS,33.0,49,12,982,231,422,0.547,7,27,0.259,95,106,0.896,120,284,404,108,22,28,88,97,564,C,83,89
202685,Jonas Valančiūnas,2024-25,00,1610612758,SAC,33.0,32,9,541,114,205,0.556,1,10,0.1,50,59,0.847,70,153,223,56,15,18,32,84,279,C,83,89
202685,Jonas Valančiūnas,2024-25,00,0,TOT,33.0,81,21,1524,345,627,0.55,8,37,0.216,145,165,0.879,190,437,627,164,37,46,120,181,843,C,83,89
1627832,Fred VanVleet,2024-25,00,1610612745,HOU,31.0,60,60,2111,287,759,0.378,159,461,0.345,111,137,0.81,32,189,221,333,94,25,87,140,844,PG,72,74
1629020,Jarred Vanderbilt,2024-25,00,1610612747,LAL,26.0,36,2,581,59,121,0.488,9,32,0.281,20,36,0.556,68,114,182,41,35,10,29,67,147,PF,81,85
1630170,Devin Vassell,2024-25,00,1610612759,SAS,24.0,64,53,1983,394,889,0.443,158,429,0.368,95,120,0.792,34,221,255,183,84,33,88,108,1041,SG,77,82
202696,Nikola Vučević,2024-25,00,1610612741,CHI,34.0,73,72,2278,550,1038,0.53,129,321,0.402,120,149,0.805,178,557,735,256,61,52,119,163,1349,C,82,88
1629731,Dean Wade,2024-25,00,1610612739,CLE,28.0,59,30,1253,112,271,0.413,80,222,0.36,16,30,0.533,51,198,249,76,42,20,22,101,320,PF,81,82
1630532,Franz Wagner,2024-25,00,1610612753,ORL,23.0,60,60,2023,537,1161,0.463,104,352,0.295,271,311,0.871,56,286,342,284,75,21,138,147,1449,SF,81,84
1629021,Moritz Wagner,2024-25,00,1610612753,ORL,28.0,30,1,564,140,249,0.562,27,75,0.36,79,110,0.718,40,108,148,42,24,12,49,55,386,C,82,84
1631133,Jabari Walker,2024-25,00,1610612757,POR,22.0,60,1,749,118,229,0.515,28,72,0.389,49,71,0.69,59,152,211,37,33,6,34,87,313,PF,79,83
1641716,Jarace Walker,2024-25,00,1610612754,IND,21.0,75,5,1187,170,360,0.472,75,185,0.405,46,69,0.667,25,204,229,110,54,25,78,115,461,PF,79,86
1629022,Lonnie Walker IV,2024-25,00,1610612755,PHI,26.0,20,7,477,89,212,0.42,45,127,0.354,24,30,0.8,6,57,63,50,10,5,25,27,247,SG,76,82
1641717,Cason Wallace,2024-25,00,1610612760,OKC,21.0,68,43,1876,232,489,0.474,74,208,0.356,30,37,0.811,71,158,229,173,120,35,59,145,568,PG,74,80
1641775,Jordan Walsh,2024-25,00,1610612738,BOS,21.0,52,1,403,30,83,0.361,15,55,0.273,7,12,0.583,23,46,69,19,12,11,17,30,82,SF,78,85
1642266,Ja'Kobe Walter,2024-25,00,1610612761,TOR,20.0,52,18,1103,159,393,0.405,65,186,0.349,66,83,0.795,59,101,160,81,43,10,50,95,449,PG,76,82
1642276,Kel'el Ware,2024-25,00,1610612748,MIA,21.0,64,36,1422,257,464,0.554,35,111,0.315,46,67,0.687,116,357,473,60,39,71,57,111,595,C,84,89
1629023,P.J. Washington,2024-25,00,1610612742,DAL,26.0,57,56,1835,301,665,0.453,91,239,0.381,143,198,0.722,82,360,442,131,63,60,118,131,836,PF,79,86
1631102,TyTy Washington Jr.,2024-25,00,1610612756,PHX,23.0,16,0,118,14,45,0.311,4,21,0.19,3,6,0.5,4,9,13,16,3,0,3,4,35,PG,74,80
1630570,Trendon Watford,2024-25,00,1610612751,BKN,24.0,44,6,913,164,350,0.469,29,88,0.33,93,122,0.762,37,123,160,115,27,12,83,95,450,PF,80,86
1641817,Anton Watson,2024-25,00,1610612752,NYK,24.0,9,0,22,4,9,0.444,0,1,0.0,0,0,0.0,1,2,3,2,1,0,2,3,8,PF,79,84
1631212,Peyton Watson,2024-25,00,1610612743,DEN,22.0,68,18,1656,204,428,0.477,48,136,0.353,95,137,0.693,47,186,233,94,48,93,56,123,551,SF,79,84
1642377,Jaylen Wells,2024-25,00,1610612763,MEM,21.0,79,74,2044,287,676,0.425,138,392,0.352,111,135,0.822,87,181,268,135,44,8,69,146,823,SF,79,80
1641705,Victor Wembanyama,2024-25,00,1610612759,SAS,21.0,46,46,1527,408,857,0.476,142,403,0.352,158,189,0.836,82,424,506,168,52,176,149,105,1116,C,88,96
1631104,Blake Wesley,2024-25,00,1610612759,SAS,22.0,58,0,683,81,186,0.435,17,58,0.293,38,61,0.623,17,44,61,114,37,6,54,46,217,PG,75,81
201566,Russell Westbrook,2024-25,00,1610612743,DEN,36.0,75,36,2092,373,831,0.449,94,291,0.323,154,233,0.661,102,268,370,457,106,37,242,188,994,PG,74,80
1629632,Coby White,2024-25,00,1610612741,CHI,25.0,74,73,2450,508,1121,0.453,216,584,0.37,277,307,0.902,25,248,273,330,69,16,177,154,1509,PG,75,77
1628401,Derrick White,2024-25,00,1610612738,BOS,30.0,76,76,2574,424,959,0.442,265,691,0.384,135,161,0.839,67,274,341,361,72,80,131,138,1248,SG,75,79
1641727,Dariq Whitehead,2024-25,00,1610612751,BKN,20.0,20,0,246,39,96,0.406,33,74,0.446,3,5,0.6,4,25,29,12,6,1,15,22,114,SG,78,82
1641715,Cam Whitmore,2024-25,00,1610612745,HOU,20.0,51,3,827,179,403,0.444,65,183,0.355,54,72,0.75,36,115,151,49,31,13,46,44,477,SF,78,81
1630598,Aaron Wiggins,2024-25,00,1610612760,OKC,26.0,76,26,1744,355,728,0.488,130,339,0.383,74,89,0.831,81,214,295,134,60,18,69,101,914,SG,77,81
203952,Andrew Wiggins,2024-25,00,1610612744,GSW,30.0,43,43,1296,261,588,0.444,94,248,0.379,139,179,0.777,66,131,197,102,40,33,56,70,755,SF,79,82
203952,Andrew Wiggins,2024-25,00,1610612748,MIA,30.0,17,17,546,115,251,0.458,36,100,0.36,57,78,0.731,23,49,72,56,20,17,43,31,323,SF,79,82
203952,Andrew Wiggins,2024-25,00,0,TOT,30.0,60,60,1842,376,839,0.448,130,348,0.374,196,257,0.763,89,180,269,158,60,50,99,101,1078,SF,79,82
1642262,Cody Williams,2024-25,00,1610612762,UTA,20.0,50,21,1060,83,257,0.323,35,135,0.259,29,40,0.725,27,86,113,59,23,16,44,95,230,SF,79,85
1629684,Grant Williams,2024-25,00,1610612766,CHA,26.0,16,7,479,54,123,0.439,27,74,0.365,31,37,0.838,18,64,82,37,18,13,28,46,166,PF,78,82
1631114,Jalen Williams,2024-25,00,1610612760,OKC,24.0,69,69,2237,565,1168,0.484,124,340,0.365,236,299,0.789,59,310,369,354,111,46,150,158,1490,SG,76,86
1631119,Jaylin Williams,2024-25,00,1610612760,OKC,23.0,47,9,784,97,221,0.439,61,153,0.399,23,30,0.767,48,214,262,120,22,29,35,79,278,C,81,85
1629026,Kenrich Williams,2024-25,00,1610612760,OKC,30.0,69,7,1132,171,354,0.483,66,171,0.386,28,39,0.718,65,176,241,97,43,10,39,110,436,SF,78,79
1631109,Mark Williams,2024-25,00,1610612766,CHA,23.0,44,41,1171,270,447,0.604,0,4,0.0,131,163,0.804,132,315,447,109,32,54,71,105,671,C,84,90
1630172,Patrick Williams,2024-25,00,1610612741,CHI,23.0,63,36,1576,205,516,0.397,96,272,0.353,60,83,0.723,43,194,237,124,48,32,86,88,566,SF,79,83
1630533,Ziaire Williams,2024-25,00,1610612751,BKN,23.0,63,45,1541,214,520,0.412,103,302,0.341,101,123,0.821,61,226,287,84,62,28,67,149,632,SF,78,80
1629057,Robert Williams III,2024-25,00,1610612757,POR,27.0,20,3,351,50,78,0.641,1,3,0.333,15,17,0.882,35,83,118,21,13,33,17,31,116,C,80,89
1631246,Vince Williams Jr.,2024-25,00,1610612763,MEM,24.0,27,5,499,67,167,0.401,26,95,0.274,19,24,0.792,22,76,98,55,12,7,33,45,179,SG,76,83
1629627,Zion Williamson,2024-25,00,1610612740,NOP,24.0,30,30,857,288,508,0.567,3,13,0.231,158,241,0.656,76,140,216,159,37,27,90,82,737,PF,78,82
1630592,Jalen Wilson,2024-25,00,1610612751,BKN,24.0,79,22,2031,246,620,0.397,122,362,0.337,135,165,0.818,75,195,270,145,40,5,79,164,749,SF,78,81
1630164,James Wiseman,2024-25,00,1610612754,IND,24.0,1,0,5,2,4,0.5,0,1,0.0,2,2,1.0,0,1,1,0,0,0,0,0,6,C,84,89
1631209,Isaiah Wong,2024-25,00,1610612766,CHA,24.0,20,0,266,41,105,0.39,13,33,0.394,25,34,0.735,14,18,32,28,11,0,18,21,120,SG,75,79
1626153,Delon Wright,2024-25,00,1610612749,MIL,33.0,26,2,405,22,82,0.268,12,49,0.245,9,16,0.563,15,31,46,48,23,9,14,17,65,PG,76,79
1626153,Delon Wright,2024-25,00,1610612752,NYK,33.0,14,5,230,23,49,0.469,8,24,0.333,6,9,0.667,12,8,20,29,12,3,8,8,60,PG,76,79
1626153,Delon Wright,2024-25,00,0,TOT,33.0,40,7,635,45,131,0.344,20,73,0.274,15,25,0.6,27,39,66,77,35,12,22,25,125,PG,76,79
1627824,Guerschon Yabusele,2024-25,00,1610612755,PHI,29.0,70,43,1895,282,563,0.501,104,274,0.38,100,138,0.725,134,261,395,148,58,24,87,164,768,PF,80,85
1629027,Trae Young,2024-25,00,1610612737,ATL,26.0,76,76,2739,566,1376,0.411,218,642,0.34,491,561,0.875,36,200,236,880,91,12,355,145,1841,PG,73,75
1627826,Ivica Zubac,2024-25,00,1610612746,LAC,28.0,80,80,2624,592,942,0.628,0,0,0.0,156,236,0.661,300,710,1010,214,55,90,127,168,1340,C,83,88
1641783,Tristan da Silva,2024-25,00,1610612753,ORL,24.0,74,38,1629,199,483,0.412,80,239,0.335,55,63,0.873,73,172,245,113,33,18,56,94,533,PF,80,82
1628427,Vlatko Čančar,2024-25,00,1610612743,DEN,28.0,13,0,136,10,26,0.385,4,15,0.267,0,0,0.0,6,26,32,9,3,2,11,10,24,PF,80,83
203967,Dario Šarić,2024-25,00,1610612743,DEN,31.0,16,4,210,21,58,0.362,7,26,0.269,7,10,0.7,14,36,50,23,7,1,15,19,56,PF,78,79
